name;year;tags;video_interval;reverse;gdrive;dropbox
panorama2.jpg;2020;pallet_racks,off-grid;;;1yVPt_IpTxmJITqGkz3nVOZzw9aM0fB8u;
panorama1.jpg;2020;pallet_racks,off-grid;;;1onmUI_lL0WctTbVjFbOK4Oo24HQNjntR;
C05A4601.jpeg;2020;carpentry;;;1Hb3Z9b1AUEvRjVk1GMT84S_4vb_UP3KJ;
IMG_9763.jpeg;2020;desert,vanlife;;;1Umr-DRwbl5tG0CqAPdP-drm6Zd68rH2x;
IMG_5104.jpeg;2020;pallet_racks,off-grid;;;1qEim22_ULmIspinq4kPNxoYd_e5hAgh9;
IMG_2917.jpeg;2020;cyberpunk,humans;;;1fNC3bagkaJANqEHUytZjoSYQ2Gl870gf;
IMG_1952.jpeg;2020;cyberpunk,performance,physical_computing;;;1_XS2vYVl-ZmdSdiUM8DsQQAyyG1PFHDH;
IMG_0081.jpeg;2020;desert;;;1cfothl55B3p8MI5IK8nar9sp2Tbk6gYw;
IMG_8627.jpeg;2020;pallet_racks,desert,portal;;;1SAAhVg0Nv0cCKKm4yAQUL_VwlD6uW-jE;
IMG_7271.jpeg;2020;pallet_racks,off-grid,desert;;;1HdSqvGEuz3qTsK_0VBGpwI0oMqoF4aFN;
IMG_5843.jpeg;2020;cyberpunk,pallet_racks;;;1U0LIBhF6HyUx2_bGkBXtgrPdVnPp0EyL;
IMG_6786.jpeg;2020;vanlife,desert;;;1C2p41xOsJc0mQQQUpidLu8IMQVTUVnAu;
P1010244.jpg;2020;cyberpunk;;;1MzvlWevTEQyvSZFo2aq9AtmK0_pVocyb;
P1010151.jpeg;2020;off-grid;;;1Z0C8E8q0T7pqG34Mgst37B8jbsOZY_XV;
IMG_5048.jpeg;2020;workshop,humans;;;1zD10S9u0iiW11wg9YwMcGEFItk4VFr98;
IMG_0763.jpeg;2020;desert;;;1-Fn0Pk-7Iw7iKH4oE5DpfytFwy8mKtXV;
IMG_2765.jpeg;2020;off-grid;;;1LtYKdINCUktC8qNLV7JhCK6UAvceaOw_;
front.jpeg;2020;installation,desert,solar,pallet_racks;;;1VI_s82cXMu0ib13U9brpDfjGzSxBTtwZ;
6716fa2d-0fc4-42d3-ab19-297fc581eddd.JPG;2020;desert,cyberpunk;;;1MBYJQ8jd6zOH4lrmOQzqkHSL3nwXH-fC;
IMG_0874.jpeg;2020;desert;;;1yqbD2zftYtQCR6_jA-NG7oHNXJYx53co;
IMG_5361.JPG;2020;off-grid;;;17wpQ2-PeIUgg29WLSZI6ovU1KjcRd4Lp;
IMG_4524.jpeg;2020;cyberpunk,performance,physical_computing;;;1-jGUc6WHp5vk1RlsjFTSSB70p0lEShSb;
IMG_6787.jpeg;2020;desert;;;1ijHPkWI0G2zwZ93i29gziiG2XirIxxxU;
C05A4586.jpeg;2020;pallet_racks,off-grid;;;13acpYN9Aq2Sj0IfNGGGsvPkfxtgiy_Gb;
IMG_3053.jpeg;2020;desert;;;1_2xlXUG4Dw089HjepES6PrgfK2EwSrY5;
IMG_0044.jpeg;2020;workshop;;;1I0tlFeRMrL19vTAtM6fYW4zGU2d2eeBL;
DJI_0144.jpeg;2020;drone,off-grid;;;1INPUVkJsNvyyC0zBMTFT0CmCJ2wX0lIJ;
17C0B0F4-D012-47C9-8F41-2E21237B848B.jpeg;2020;cyberpunk;;;1-m9Q8imbtSXSrCa03xx9TRjiHsBAwSwR;
IMG_2587.jpeg;2020;pallet_racks,off-grid,carpentry;;;1r10EDdy82iTCC5jmTbCF6w0xqoAS5h17;
DJI_0143.jpeg;2020;drone,off-grid;;;19K22-O2A8DgGewliPTq9LOVrNg168GnP;
IMG_3110.jpeg;2020;cyberpunk,workshop;;;1cqaV3B-8etX0O4GA58v8LvXkZ1ZEuD2Z;
C05A4594.jpeg;2020;carpentry,off-grid;;;1RsyRZ14nLaH2INW8TxZaKHyHe-RGRjd6;
IMG_3857.jpeg;2020;workshop;;;1xZ87Vhm7yrLlCJZw91AmFUyA5QHt-BUF;
IMG_2591.jpeg;2020;installation,desert;;;1hxcZ5q4EWvleOzakJ_q3KOKnP2VAK6HF;
IMG_1656.jpeg;2020;desert;;;1eW_3uVWb6Mbg4dFRacUzIO0a7kyQ7RAp;
20200108_164405.jpeg;2020;desert;;;1QkNbeao19cE4Izn1Y1FOQl6fKpPZucdz;
C05A4588.jpeg;2020;pallet_racks,carpentry;;;1YM5wUxPrdufGZZLY0PeNtL5Jo4nAebfn;
DJI_0121.jpeg;2020;desert,drone;;;1drdpDjJ4xqoNWBUgQYTCd8zjmRu9Sw2y;
IMG_2465.jpeg;2020;cyberpunk,off-grid,performance;;;1BmuizLzHxIV6mVUuU-psoevNDWk7C97B;
IMG_2561.jpeg;2020;carpentry,pallet_racks;;;1GlIbB3jpPW1zO-QsdRg5k6MBwuMa1S17;
IMG_20200317_225034.jpeg;2020;cyberpunk,performance;;;1bsAr9HnasIyTgbmjpEQoxgekxbhstRGL;
IMG_1039.jpeg;2020;cyberpunk,desert,off-grid;;;1b_9VUspT0Tv6HsZtNJp6mmihWY373Itn;
IMG_2590.jpeg;2020;installation,off-grid;;;1dkmNK_YVR7ZjLcWDsNhdTuY6Jh5H81k-;
IMG_5441.jpeg;2020;cyberpunk;;;1R4V2YDvXvdUbytWklycnCYaJATuoz3Iu;
4-2.jpeg;2020;desert;;;1x2jv3uZ8o6dvcMztFdfBTKKFhGAYKA-b;
P1010434.jpeg;2020;pallet_racks,installation,cyberpunk;;;1EnCuxRy_jDUkIxNr0hocwIrARMZyq7Wp;
IMG_2771.jpeg;2020;vanlife,desert,off-grid;;;179MiNarAZib9aH41fcKXhhTcTdFa_QWg;
P1010280.jpeg;2020;installation,cyberpunk;;;17-vIExwiwaRvHKakSstdN0KwxH6ObBdH;
P1010378-3.jpeg;2020;workshop;;;1jpG_1l0iaOYq0_Cp-GUFy5w0tTQ4MOLC;
10-3.jpeg;2020;cyberpunk;;;1DnFIwr7gnM7NloKKCjWK9wGiHLBbp_U0;
alice_parlor.jpeg;2020;cyberpunk,humans;;;1jdIRNpdW2Ltx1pjKE56MOzDiCsRQaWZo;
CA6DB2D7-B787-4452-B96E-58FB0A6FEBFB_1_105_c.jpeg;2020;off-grid,containers;;;1w9QlR7NgzOg0yT8dIbX2DsrJ6zBLvDYU;
60625D48-8B02-4C7A-AC7A-7E2551EBAE19_1_105_c.jpeg;2020;off-grid,containers;;;11_1KOvV-at_uJWu-XNiqBbVqLUWcMEcS;
09AEDF63-D5A5-4135-A4EA-FB5582620D00_1_105_c.jpeg;2020;off-grid,containers;;;16RnaS-wHxtpHX9gIySi5jdh8QuvhpMPF;
EE565CD6-FB89-466E-B625-DCD1F9A9DC1C_1_105_c.jpeg;2020;containers;;;1PxGBiijaxxjc7OgdhXYx3_u2ntsqhz13;
6cdef905-5484-4ecb-9938-598ab9bee62d.JPG;2020;cyberpunk,off-grid;;;1EQ7RwkazK-mySrpnvHK1DbguGC3LCGzZ;
IMG_5671.JPG;2020;extended_reality,desert;;;16x3GIe24EYTrwntXem5_p21ij8Qj_tna;
92499826-5622-4E0D-81A0-1028BC15FAA6_1_105_c.jpeg;2020;off-grid,containers;;;1PE9OEKsTQVcVWMKdPDlDKhCZN838Ovk7;
alice_speakeasy_03.17.mp4;2020;drone,cyberpunk,installation;2,10;;15Xyvh793BAyi2iE9hlG9uA32AtsnYSX0;AAAK1dwttTEIvB6xRgRBrxfVa
alice_wielding.mp4;2020;desert,electric_unicycle,cyberpunk;3,8;;1j7Acdj1K723hZchdnBgKcAwOrJiH4cAd;AACx0l0xBS07qqYIqfXDzotTa
burning_hypercube_04.11.mp4;2020;off-grid,drone,installation;2,9;;1m72iCYlyAkF38SoW4Vg1XdIv5UbLjjIe;AAA6wxQA_vG9WvvccNJJ21iza
climbing_overhead_phil_02_28.mp4;2020;drone,bouldering,desert;18,22;;1kYDSUdqFe6REOxwYlmqS9LlOFE4yljhx;AAApQ7ZgldM65sGcbBtNeYeva
dronetarp1_fast_3.09.mp4;2020;pallet_racks,carpentry,drone;10,14;;1tBwrlBgq2m8_H_PJjiyPhxp1wKzUYAHu;AAAxJMjBT2ytJ4NvHDnHeOvKa
final_euro_project_03_3.17.mp4;2020;desert;7,10;;13tHliLnMEeRifJWdR2L1CA8tZaXss2Nw;AADNG0hsiDU_OECUK3iTWBeba
flythrough_03.17_2.mp4;2020;drone,off-grid;2,8;;1SC5z6qeT4d2QP2mcPS0xSs9iSD78JGEk;AABF1F52MA993EtjfzNaOMR5a
forest_panorama_03.04.mp4;2020;pallet_racks,off-grid,drone;15,18;;1zyuwRlwcPNqY09U29lx3pCY0aqD3dpub;AAA0x8huLui9VwkE3O7Lxm_Ia
IMG_3933.mp4;2020;off-grid,pallet_racks;8,11;;1Y9nPzWO5p0y2bFBksjj8qIxmCVnuAWbm;AACOwIzi16XNcUn6N_LMxflma
IMG_4280.mp4;2020;solar,off-grid;4,8;;1g1ZJoCATCh7I3zy8a4ReLm6VjbRDdPsd;AABjywQzQXUuBYKafFr92DEta
IMG_5362.mp4;2020;off-grid;1,4;;1lLL4mVV7ULSJ3OSVmKcenX7lKtgZkKho;AADWrgyy4gPqo5_Wj-JMRXQ1a
IMG_5536.mp4;2020;extended_reality,desert;4,8;1;1YpLv63Rjm31860wLRP_sBa23ejJqnlr7;AACP_CKRi-tnvu2PdI2U3vMBa
IMG_6113.MP4;2020;extended_reality;13,17;1;1qyGniHLnbCnCkX3uMQc8cT7bc9xNVHOf;AAAqjzfeN3HhDNiq_deERBZBa
inst_the_forest_at_night.mp4;2020;pallet_racks,cyberpunk,drone;0,5;;1T01cBwWr3zcMmGFN_QbuJBppBmxbuf4a;AABVFNp6--zTy56lcCmyylR-a
long_pan_3.09.mp4;2020;drone,vanlife,off-grid,desert;17,23;;1po1dNp_hUs4Fo2hSbb6y1fDgdBuujdwx;AAA-Cvc11QFQRAN_n3NX7QoNa
making_palettes_1.07_short.mp4;2020;pallet_racks,carpentry,drone;39,44;;1XsuyWGjeTbijctyU_7nmjLhXEu-Aow4z;AADxZs29tWwYwYFcL-RGxTjha
mars_2.1.2020_1_narrow.mp4;2020;pallet_racks,off-grid,vanlife,drone;4,11;;1omjJvd_Khx_DhNjYYZx5bfPRZQ9hKjGi;AAAFC8dRNHalBG_mu2x1FTu5a
mars_tvfinal_2.12_05.mp4;2020;drone,portal;4,7;;1iNRfEtXxdfn2uplBw7K5px7irCF1noJL;AACRNmOA9DMOiL0dfZiykqTsa
mars_tvfinal_2.12_07fast.mp4;2020;drone,bouldering,off-grid;8,12;;1E0HxYRsStEEHM7TdctIdua_Fxi6GK6N8;AACrq7dCywq8o05mnPuT9IFNa
P1010346.mp4;2020;performance,pallet_racks,dance;1,6;;1afsvoj1BvLdX8ZYawzLNjQWGZZcAhZ3-;AAC1CdwDM_b5Ej8Hkl860SnJa
P1010405.mp4;2020;portal,ai,marsgan;28,33;;1C9VbRjeBlWGV6JaPaNUPEGYwvHdvb7ah;AABERxxPelFbw-c6ce3s0_ega
P1010491.mp4;2020;performance,cyberpunk;0,3;;1iTCkYJs3XbhiN8ThShzcAxBGhLzc7J7I;AAAAiAK3wJjVsn2aPWdXXvgPa
riding_with_freeman_mars_01.19_04.mp4;2020;drone,off-grid,electric_unicycle;71,77;;1oILIgVWSphKGjUXLOl5Q8I9zHxGqeMjH;AABNgNLlkhppfSO0jWAwmVCza
sophia_sofy_vs_voyager_03.04.mp4;2020;desert,installation;1,6;;1InDHbdSQqXN1g5i90cgKtgbbIX6jPUgg;AADympWLxCImtZG4IJ07edAAa
sophia.mp4;2020;performance,humans;0,4;;1uqm1Ks0YgSNZ2ztEqyQ0C3yxrxWCGlys;AABRDGj6GEZpXlTrObKYO0zZa
sunset_spin_03.05.mp4;2020;dance,drone,performance,off-grid;17,22;;1YngYckOCzyDu7eYFZWSIyT_ShY-l3EOj;AAAxa0Vb85EYkjva7G2t9C45a
yin_dancing_03.17.mp4;2020;performance,desert,dance;12,18;;12XQNNt7lAXx0a0A2h0CHYaLyl5B98iZV;AADpnFbbH4H6TfQ_mjJxaAEba
bouldering_workshop_03.04_01.mp4;2020;bouldering,fitness,workshop;0,4;;1M0da6AugyjlHAg27Ij48dk3CCZh7hJqk;AAB039ksJPRkZvpAPz_mJrNQa
bouldering_workshop_03.04_02.mp4;2020;bouldering;3,8;;14QJMAsTH9PcQKIZYr6MGqe_HIAEa2hyK;AADZgoXb8MYWJa87Sisc324Ya
bouldering_workshop_03.04_03_alsino.mp4;2020;bouldering,drone;22,27;;1BKtSYBvDOxdMeQNW0hZbU-Eo2ilktTZ7;AAAmzGBJ6QtAPqLKE6HPOnUra
bouldering_workshop_panorama_03.05.mp4;2020;bouldering,off-grid,desert,drone;38,42;;1oeVbOVoLvVfGQOpq_0WkvZ6qm6tQoSB2;AACqALSpJ6pcukekOmPH2Op_a
bouldering-wall-01.jpg;2020;bouldering,off-grid;;;1OyH92IZC05XcI_vVYobEg3BTMOUoPJFK;
bouldering-wall-03.jpg;2020;bouldering,fitness;;;1IDsokNDF5Y3tZ3OmPmij8v3LCBpGM7Jb;
IMG_4559.mp4;2020;bouldering,fitness;6,9;;1KiAKRgwDxYIwS-8GNwsbJ1JZPEfST1-5;AAC8v2wlltR9Nb3vtcAuACUta
IMG_4966.mp4;2020;bouldering;1,5;;1aZFd-_UmSyju7gJARKARMjL958IYQz2d;AACOQJ1D_9GxcX2MNwRMyHXza
IMG_5014.mp4;2020;bouldering,fitness;12,16;;1UABZrv9GI5fmmkQC2EZ8RNhYv4eQEhKA;AAC2MZXx3SOC9SUMjLgCFeEAa
IMG_5528.jpeg;2020;bouldering,off-grid;;;1VisBPvm4fLtL-qj-d2K9dQYgLwchnEts;
IMG_5540.jpeg;2020;bouldering,workshop;;;1_8W41iEv5xvl8Kaf3alzZPVXXGbFK1JQ;
IMG_5544.jpeg;2020;bouldering;;;1sz3xynJdU3RoA_bXlSiPxFQgc8nnMjNG;
IMG_5545.jpeg;2020;bouldering,fitness;;;1L3i8nbHuatlHSmzqybH8m8ib8IdEDQvi;
IMG_9104.jpeg;2020;bouldering,off-grid;;;17oo3zHCGrSt77T_2iutnpizmRmzI0wAQ;
IMG_9581.jpeg;2020;bouldering,workshop;;;1l6jSXDVhCa0ku9_VEZjhG7ogHAhHPh26;
IMG_9878.jpeg;2020;bouldering,workshop,fitness;;;1lS_bvKC0LYKQKkyiXRpNKgSFmurr0APb;
Screen Shot 2020-04-08 at 4.01.02 PM.jpeg;2020;pallet_racks,off-grid;;;1M1ZRm4GhWHx_T26XuLibm4o747XOV1Vq;
5A8FBAF6-BE2B-44AE-8FD5-8A1272A314E0.JPG;2020;carpentry;;;1fQN2XhXET9f3QU2VbGwErb-9zRf5gM4u;
11-1.jpeg;2020;carpentry,electric_unicycle;;;1BZ3uXKH209ZDZ96ZV_twDrx6RUPBJR-B;
19.jpeg;2020;carpentry,workshop;;;1CsC5IjJVZyqKrci-FfUm992QIyuMkpRT;
b6c3559a-3c32-4348-be9d-ef768ab9d107.JPG;2020;pallet_racks,desert;;;1FgEnNYwo0qZDnm0ciZ4cYX_MzEx-W0rJ;
IMG_0714.jpeg;2020;carpentry,hexayurt;;;15H5NBYkQPkpCzZA8Uzp-tAWmQnQZP4pn;
IMG_1189.jpeg;2020;carpentry,hexayurt;;;1lvhYREeZrHLJ4yi28vE2RvRSLrbcdP58;
IMG_1911.jpeg;2020;carpentry,pallet_racks;;;1remrlQSDsK6OEUGaKftfg_GbbzQOAbPm;
IMG_1917.jpeg;2020;pallet_racks;;;1s5VLl57C97UI6A3hdYzx_-68ZhgqZwZ5;
IMG_2841 2.jpeg;2020;carpentry,hexayurt;;;1tCeKLHPM1c3o7RGQNh0VIT1ixFks4K2J;
IMG_3890.mp4;2020;off-grid,desert,carpentry,pallet_racks;4,8;;1OshShRfHi7W2BX63TibirVT-vHqX7ewh;AABx79GHIvJopZNiC7EdMEnEa
IMG_4819.mp4;2020;carpentry,off-grid;5,9;;1YvmBgvNTu8niqPqzOxtIaSG06b767BEU;AADKGTLBrVZ3_eG-0msnZi8ha
IMG_4822.mp4;2020;desert,workshop;4,8;;1mmGG78FQMWkSl0X1qN-Msg-flMxFniJu;AABK-CpyPc_2JPnKY8_X8n8xa
IMG_5681.jpeg;2020;off-grid,electric_unicycle;;;1osba2_c3rWb6naSsegZ9s8Bt-4kKPWK4;
IMG_5961.jpeg;2020;carpentry,off-grid;;;1MoYDuvn8AtnUU7itkNxrJe5ra9cnw_6H;
IMG_6328.JPG;2020;carpentry,parlor,humans;;;1ffDlNAjBPArX1kPPpS1srkLkVvQglr7w;
IMG_6499.jpeg;2020;carpentry,desert,workshop,electric_unicycle;;;1yGBWpcbarcoieqs20nbAhd4JpTZeWo5J;
IMG_7463.jpeg;2020;carpentry,workshop,electric_unicycle;;;1UllKJEaVgzLyi5nKREBR1zP2Ja2alsvL;
IMG_7792.jpeg;2020;pallet_racks;;;1NW4svCP0icg-4bOCEp9h9Mf9oYSpQkT9;
IMG_8249.jpeg;2020;carpentry,pallet_racks;;;1153pMziQpFCa7-TKq1kM9AkeApD4nkQJ;
IMG_9844.jpeg;2020;carpentry,hexayurt;;;1qQJrZHhEFW7_wyaz9GTdeRh9pctPiicm;
Screen Shot 2020-04-08 at 3.59.07 PM.jpeg;2020;pallet_racks,desert;;;1d2E2TaP7gDxKQU_uHDmSYAmrM4kz127G;
Screen Shot 2020-04-08 at 3.59.15 PM.jpeg;2020;pallet_racks,off-grid;;;1s-ssRh-6wxYkhUlPnKb0U5e-AYQX0rTA;
Screen Shot 2020-04-08 at 3.59.29 PM.jpeg;2020;pallet_racks,off-grid;;;1nGrCu4i1rv7u-m7Y73Y0bQzHHGbmFEY4;
BB-photogrammetry-drone_01.png;2020;drone,cyberpunk,3drendering;;;17g8TdbNEnjmMAO4R8GE__26AVeXCLQjr;
BB-photogrammetry-drone_02.png;2020;drone,cyberpunk,3drendering;;;1X1z_mF2qkcz2vjFc4d3YG-60uLexioBJ;
BB-photogrammetry-drone_03.png;2020;drone,cyberpunk,3drendering;;;19_M_cRboa3uSyNhFZ5L80y20oVXwFdZP;
IMG_3516.mp4;2020;drone,off-grid,cyberpunk;9,11;;1yVxvARxFeiBLnhenDnGgg5XKQcq6pvnn;AADa9j0GYfbOWd18ybn0dU_Ka
Screen Shot 2020-04-08 at 4.05.03 PM.jpeg;2020;drone,pallet_racks,vanlife,off-grid;;;1usSV4TdMb0T6yL_61BzN3MBWIl-ick11;
Screen Shot 2020-04-08 at 4.05.12 PM.jpeg;2020;drone,pallet_racks,off-grid;;;1zJgXoPGxwqDgnkSO5-BFDC7q6WpFC2FT;
Screen Shot 2020-04-08 at 4.06.19 PM.jpeg;2020;drone,pallet_racks,desert;;;1V9NbOu6s96cIMSp4NlIy3dxMfXbew1MM;
Screen Shot 2020-04-08 at 4.06.45 PM.jpeg;2020;drone,off-grid;;;1Mwbku1faKjGxG6CoJTUn7I7GbvX5w99f;
Screen Shot 2020-04-08 at 4.07.19 PM.jpeg;2020;drone,vanlife;;;1ylEYroej_btLLqkm2C8mxWr1KMqpysPc;
Screen Shot 2020-04-08 at 4.08.15 PM.jpeg;2020;drone,desert;;;1RSval81E9bLbqXFxum4jj_5C69dRAQcL;
Screen Shot 2020-04-08 at 4.08.59 PM.jpeg;2020;drone,off-grid;;;1Z7bqa3rUIFAE0Djod-Lf3bB3dj0Vsxx_;
IMG_1500.jpeg;2020;fitness,humans;;;1hF_8jB-vDd9W5SshVar1GbgDVJkU2CrW;
IMG_3721.mp4;2020;fitness;1,4;;1Jjsy69pzQWoEJGSpjKfz3zvPFcmnwhsU;AABY1PtQMSbDkuDC6HKxaERoa
IMG_3722.mp4;2020;fitness,dance;0,3;;1YJvQ3rhpnlQPnNfV4GLyxvJ419y0OuT9;AADfzV4Q10HYUI4EsgzjHjwoa
IMG_5673.jpeg;2020;fitness,off-grid;;;1cI5C8IMZzUxIj2WrrwpvCyl5YuUyqkds;
IMG_5674.jpeg;2020;fitness,desert;;;1m1zWROaBVXzSIxDLad0_6yhsNGUB7Vbf;
IMG_5675.jpeg;2020;fitness,off-grid;;1;18WmQ5vNhcQx2w-cl1ubvi6QMHQNK4eH-;
IMG_6082.jpeg;2020;fitness,desert;;;1-udHaxiri6G_EZ6O9iruqz_QNh2cbpFV;
IMG_4769.mp4;2020;installation,cyberpunk,off-grid,ai;14,16;;1oW69APovt2enUq7W0lQDuS7j6zuDeFBp;AAA3eHKLS_xvSFYORLwA_yu1a
C05A4581.jpg;2020;installation,desert;;;1wkRIwsXZz4dGP2QYx5zhilSTkxBJajv4;
C05A4582.jpg;2020;installation,off-grid;;;1FNokJ16MCiBdnDDHVV8K7HHPci2QsNIJ;
C05A4609.jpg;2020;installation,desert;;;1xMjotpoRqpgcSju1t4Y83xmWQgZ9tbao;
IMG_5532.jpeg;2020;installation,off-grid;;;1hSZP228LPhxmXcWB7k4HYPjFlnOyrpFR;
IMG_5848.jpeg;2020;installation,off-grid,cyberpunk;;;1ojZMr7JKXpg5dVlOyC1cyORTYlox3sYH;
IMG_6687.mp4;2020;installation,cyberpunk;1,3;;1NesifqwuqrU-Wldxg3lNSBkVWVePg098;AADTkHxZysVO4afIdzWwlrAba
IMG_6742.jpeg;2020;installation,cyberpunk;;;1HzTTYxBHK_NNz6Fo2lZvnPKf8vei7rag;
IMG_6764.jpeg;2020;installation;;;1lHmFfMiIRqYYvEwdsfk0Inoej-ZXqVuv;
IMG_6768.jpeg;2020;installation,cyberpunk;;;1Etd5p-3PvINA5eI8YBlVA4iCFoVILK1_;
IMG_8206.jpeg;2020;installation,cyberpunk,ai;;;1L58s1jOEiH--DJoUYkdrsh2bvJqTN7V6;
P1010278.jpeg;2020;installation,cyberpunk;;;1JzFwlQO8pjEOcbiJ1wbRoOCpUmx2q12M;
P1010279.jpeg;2020;installation,cyberpunk;;;1bAH-LLnWEU6WbMihTHpjJXqS-JWnjam8;
P1010363.jpeg;2020;installation;;;1QEga4LQ6FaxZONPVGeVZc8yA5Zo_Y2U2;
tumblr_24ba8e8b6943befc832ff9217b8029da_84c7bc59_640.jpg;2020;installation,off-grid;;;1go58bIntnrVYSJ3g4X2zG0-p7oZVycBK;
0EB3B61E-703A-416F-9285-CA1F7BE78938_1_105_c.jpeg;2020;performance,portal;;;1hEX7ibBIQ_ILOffFKpyyD3Ds_W4QlJRE;
2E914574-A547-4271-B43C-5DBE07817136_1_105_c.jpeg;2020;performance;;;1DdUlE5VYgSHA4mvfkPUPAVjD9ZykCZ54;
3EB8B2AD-A692-4C0C-AEFB-B8A552C297E6_1_105_c.jpeg;2020;performance,cyberpunk;;;1aj9mP-nDzjoMXRIu0zRzv858n42Jw4kQ;
248DA055-04FC-46F0-9369-BA177512F272_1_105_c.jpeg;2020;performance,desert,dance;;;1IceJI2oBFoaZQuefPD06g_hFwq2pp4ix;
279F64AA-5F42-408D-8DBC-E18DE86C5AF0_1_105_c.jpeg;2020;performance,installation;;;1U08ePOJpmgf-EdeSoimE0Ae8p1nSdYz8;
500FC6BC-7848-4FF1-96D5-F42528BA6F49_1_105_c.jpeg;2020;performance,desert,humans;;;15JcaaZnH_ho3firivdVk5LBDb8d_3bfk;
1409B7CB-E82E-4FC7-A6D9-184C4819ADEC_1_105_c.jpeg;2020;performance,portal;;;11oL7SvFh-xXymwC4c2rTDZ8tDtqhV2fL;
8004CE17-3C0B-4ED7-8527-DAF8996B0779_1_105_c.jpeg;2020;performance,physical_computing;;;1nvtoqRv6NvdkxBb__ex8SwjPPIn8m02g;
9713A715-059B-4F30-9B72-05274A3E33BF_1_105_c.jpeg;2020;performance;;;12xFDBu7Ak402OIHpOz4EcgvYjfhOmvYU;
81200FD2-2F0C-4AE0-A4FF-30602FB9A3C5_1_105_c.jpeg;2020;performance,physical_computing;;;1-GBk66hPdCqDwfyD8YVCwwNUPaBwEiGF;
787099D3-B6AA-4F9F-B391-7BFAC08DB34C_1_105_c.jpeg;2020;performance,cyberpunk;;;1JfoNmnwmc4_gIV6X8Vg5wt7ZwEp9acUj;
C212885E-4725-4CB4-824A-93962954385A.jpeg;2020;performance,cyberpunk;;;11wWXm3n8QxtjIULyqOO5lk2NuRh202ur;
CFB0E8D3-B3F6-4651-82C3-D0077EB74DA1_1_105_c.jpeg;2020;performance,physical_computing;;;1Eak1rhNkOd0OtqFMLuO_UTixdJ5hqJSy;
DBFE52C0-462B-4765-824E-23F670856A28_1_105_c.jpeg;2020;performance,physical_computing;;;184r8myXkPN1OTYBF6Juyd8w5h09J_q6m;
E2B5B908-8C45-4C63-A7C8-F1B73043371F_1_105_c.jpeg;2020;performance,desert,dance;;;1hF5ync7OIOZJVgpjAskXhUsq0BmNIDxR;
IMG_3584.mp4;2020;performance,physical_computing;3,6;;1323pLBHXWkU_ZHnh0Vol7F7EjThBNr-y;AADSdokxLjL1VFnBacyv9y8Aa
P1010411.jpeg;2020;portal,pallet_racks;;;1Vi6AEDXKpKnTK4lQoA6TLqtg7nR34wys;
5-4.jpeg;2020;portal;;;1NMSPFI9J0MxdnA3awfhxt1Z3zpGgKoCF;
5-7.jpeg;2020;portal,cyberpunk,off-grid;;;1_OWiMUur7LPMTesAX5JOgazqpswxsUO2;
C86817E6-49A8-43D6-B65A-7B0511F896B9.jpeg;2020;portal,cyberpunk;;;1aI6oc5F7hveLEsBERE1P4lhjbp8nTvSh;
IMG_0579.jpeg;2020;portal,workshop;;;1kAopiUixo15003Kek6T37Q3WIreqwHGm;
IMG_4507.mp4;2020;portal;1,5;;1yl_qP7Y_tJs76VyPQ3tXr6DWUQUGkQbv;AADCXkLEL58kalygvCE6GhHha
IMG_5010.jpeg;2020;portal;;;106qVetQd9x3Ymh237hR--U4gNnem8WUb;
IMG_5119.jpeg;2020;portal,cyberpunk,humans;;;1-RCuZitalenyi6kzGwJ1qGPuY9-dHhXw;
IMG_5257.jpeg;2020;portal;;;1H2KGD5Ezj_YQWzkdfRK3sV7DdNi8NkY8;
IMG_6831.jpeg;2020;portal;;;1vZDmWb2jsGaIImXnJtdotovM9bVL-c7J;
IMG_6841.jpeg;2020;portal,performance;;;1ndQDXzU1qIb6cf0ODwS5d9mUxf_rj4K6;
IMG_9617.jpeg;2020;portal;;;1LX4rqmFJRuBQs1Ymzcb7LUMEjXYYDrQ7;
P1010392.jpeg;2020;portal;;;1s5pCmpCfHSjW4Xigx_lw0KJHNz75Yu_O;
13-4.jpeg;2020;solar,off-grid;;;1zwmgJ6vhqI--xYDPiiyOlHGOpjX_z-vQ;
DJI_0108.jpeg;2020;solar,desert;;;17GCQoH76CC49Hfo2VjrZy-D8Ih14g-jw;
DJI_0117.jpeg;2020;solar,off-grid;;;1FbpcFrATjGbyj_rKQ_rxVjTAP2HPs4E4;
IMG_0822.jpeg;2020;solar,hexayurt;;;1YhQyncUxZZgtY796l7e2ODLQZPvTGql_;
IMG_2577.jpeg;2020;solar,off-grid;;;1Kcycy88qkeJvGBrwHComZezWuhQJNHdz;
IMG_2580.jpeg;2020;solar,containers;;;10Hz4YqqIoDCJasIZ6lzDgkPUqW7WjII2;
phil_solar1.jpeg;2020;solar,containers,desert;;;1olfM8GZy-P3NRbhcQ-g7ko8-tCKsTOo3;
wilson_bombay_speaker_04.30.mp4;2020;electric_unicycle,cyberpunk,humans;10,15;;1EzK6GegIHjGtcpo3Zt06FhO23ioU_Yvo;AABb23i6KntlwPZXWzZwxZw-a
F7903747-C4C1-4197-88AA-52F871DC2275.JPG;2020;desert,off-grid;;;15ma5V2-ngQTmWAAVQPIZjb1d9tYCykbL;
halfpipe_unicycling_6_04.30.mp4;2020;electric_unicycle,off-grid;45,48;;1wvfMYR6bTMIMBGoqOYmdsuiblp-0HqbQ;AACRcyEO7RlPAWxdV4R07fh9a
halfpipe_unicycling_9_04.30.mp4;2020;electric_unicycle;64,70;;1yh66gNPkzsj9YgPz3xOQzBLzY6-QXKe6;AAAteLegh4bOcVnUnwBAIKXAa
halfpipe_unicycling_10_04.30.mp4;2020;electric_unicycle,desert;12,20;;19ThgWKDve-hMa_o_zV-FbOVNOQkG7i6b;AAC_y52IgcAOSAY4kwn24KbXa
halfpipe_unicycling_13_04.30.mp4;2020;electric_unicycle;2,5;;1eQ6kOjui_pXw3_UA3ZJoY3TcBeBv0nGR;AACeGrd0Z1_2LEN_6WRuMIZXa
halfpipe_unicycling_16_04.30.mp4;2020;electric_unicycle,desert;8,12;;19i2JFeJjsxbnlCzi4ThSQCXTrmS2BWcc;AAD_PalihZa7y8nIdTZmwwexa
halfpipe_unicycling_17_04.30.mp4;2020;desert;5,7;;1ik6e1g_G_oN1lauzMPRiRgxtWIpDGDRS;AAAHeKmnFyCfPaO7IskwuFQZa
IMG_1685.jpeg;2020;electric_unicycle,desert;;;1pspQRmFsHG6lHCunsn-Bz3saCVw44J8w;
IMG_2504.jpeg;2020;electric_unicycle,desert;;;10xqcA4Ymzy55p3jGsC4YqnQqsQVXMkSn;
IMG_2875.jpeg;2020;electric_unicycle,workshop,carpentry;;;1c15mG8tvtIUJW_Z2uyhbDOw5IbNSTsay;
IMG_4110.jpeg;2020;electric_unicycle,workshop,carpentry;;;15VEIDYPlnlhzY9Bly5TMzxBu4kYNGCNw;
phil_and_wilson_unicycling_by_mars.mp4;2020;electric_unicycle;15,19;;10tZYFK9PHNH4E9WbAD7qZwNzdZVRrqNL;AACesJU2RWBXwcuHBg2no0MYa
phil_unicycling_by_mars.mp4;2020;electric_unicycle;8,12;;1ig2OdS4xHIIn-md1Lsgf-HxgfkuCbhsv;AAD3PiDcEg3lX8utNG6y-STqa
unicycle_ride_4.8.20_1.mp4;2020;electric_unicycle,desert;7,10;;1XLeoSSiyNybr43wlPfNrX6t_ydTqmKGu;AADb5TYvBgjLazoFr08xFmkpa
unicycle_ride_4.8.20_2.mp4;2020;electric_unicycle;3,7;;1OOYTKTbJa1cNyxMJcJ_N7FKU4M053ghT;AAAvrCaXNfXghXsfDyvmYiZOa
unicycling_on_birm_04.29_4.mp4;2020;electric_unicycle;19,22;;1mu0LYH5KzYLGTyhFo6VWu5S-P5IdLEBm;AADcZm-5ZThh3i-eKu2Qtq6Xa
unicycling_trip_4.8.20_gene.mp4;2020;electric_unicycle;4,8;;1z6KHXPGmD1dNu2Ao6BDCsp21uFApXuo3;AAA9CR6Z9PO5fkjrav3afevAa
unicycling_trip_4.8.20_mountain1.mp4;2020;electric_unicycle;0,2;;1Xo_41FbHjcuKDpJvFtpKkXo6iFn1y0tx;AADq8e9S-uDHc_YBEH1q-5lea
unicycling_trip_4.8.20_sophia.mp4;2020;electric_unicycle,desert;2,5;;1TMyHAKoQqdoBswMXsKCWQ45UyMF84gn2;AABLdrOvff6TS8VQ6tmYE8R9a
unicycling_trip_4.8.20_tj.mp4;2020;electric_unicycle;0,3;;105FL5ek3XfP8xQAhxdygPfx1henNo-Jw;AACAH6a91uNet0um2JU1yVLla
WELDING-4041.jpg;2020;electric_unicycle,workshop;;;1ecBgszU92Moh0fJEcttZm5K9W98zO2D7;
DJI_0124.jpeg;2020;vanlife,off-grid;;;1D0CExYSUJ6B2HdydzAuFjUqZjPJepc6-;
DJI_0127.jpeg;2020;drone,vanlife,desert;;;129_RPJmGPggTFxMYab3Ym3GzFSJXTF11;
IMG_1992.jpeg;2020;vanlife;;;1A816Fv-MIroQjLFc30Ox-VuRtznTgLZ4;
IMG_2025.jpeg;2020;vanlife,off-grid;;;1EO37t8VgfBGdbbuSOsaHYogShMATWXvj;
IMG_2570.jpeg;2020;vanlife,humans;;;1IIgH1yGbs9qRx6bu0lq3MF-vdadKrc1b;
IMG_5473.jpeg;2020;vanlife,desert;;;1OxgFtsTooshQMe7oF35s2v2PHe084ysm;
56408f0f-3b2a-40ca-878a-5c53010287bd.MP4;2020;workshop,physical_computing;1,5;1;1ETCbFIKiXu1u_irwwlDNcbba7QL7frdI;AAAgQv6azbpmbdBuiA-tqEkXa
18-1.jpg;2020;workshop;;;1RuZgOUX6lBgx9mWevXok6JvvgHsnpjEd;
99ECFE99-01B2-43F9-ACB7-35D83E90F97E_1_105_c.jpeg;2020;workshop,pallet_racks,portal;;;1OGCqd_zn7-agslXq92ygmEVx3zHrubUl;
271B1D4D-83DD-479C-B4AF-F1FEE66F1F44.JPG;2020;workshop;;;1yyP5kBQOfinrrVHpodp8yaAzYHmmO5oC;
IMG_1307.jpeg;2020;workshop,cyberpunk,physical_computing;;;1tJd62cx3jdingFhF8icGmS9-36fd09H0;
IMG_3228.jpeg;2020;workshop,cyberpunk,vanlife,humans;;;1PPk2BshwEFO_dMM7xmyMEMMnojkIRbVp;
IMG_3850.jpeg;2020;workshop;;;1PcIfv1V8aitVqRzrnt-h_UIXZbDnacad;
IMG_4905.mp4;2020;workshop,physical_computing,cyberpunk;0,4;;1s_axcD3QJjAy6i8mDVZo83aD6W1UJkbZ;AAA_9WJ6XlfP9UE3VN0MiZ-ta
IMG_5250.mp4;2020;workshop,containers;5,10;;1ZIbwFb0XPgpZHURjYsmuXDXX1F3AFe6A;AACXkC3Xd3ku-XieyEeglidfa
IMG_5557.mp4;2020;dance,portal,cyberpunk,off-grid;1,6;;13qdijL-fnDN331PNw4m2riggn5LNxuxL;AACcqGIb4oerueLJyX8YlMpja
IMG_5602.jpeg;2020;workshop;;;1zf_mAyuv5PdcavmfRyZ061Gb1DVAQvMn;
IMG_6262.jpeg;2020;workshop,physical_computing,cyberpunk;;;1C7j4fbViUTpqM-_DWh2uCTCjsig5A_RM;
IMG_6715.jpeg;2020;workshop,cyanotype;;;1JLyu-Q1twbljRr4_mv5D9Yv2QpEUrMuR;
IMG_8726.jpeg;2020;workshop,physical_computing;;;1CiMmWraCZXswfleNW4-t70ETYlcd98nW;
IMG_20200321_130220.jpg;2020;workshop,cyanotype;;;1XuKS_maeFYQfj8ZjshXzwBIsFNrO7tJg;
IMG_20200321_131438.jpg;2020;workshop,cyanotype;;;1d8wDcQ4tZI7nK_ytS5NKFCfl-JS1QaJz;
VID_20200321_130247.mp4;2020;workshop,cyanotype;8,11;;1MJAEb_W7dLnmK_QLzAjKtUGQCScLCyeO;AACmTOFwDqauGWTLVvYPNm36a
WELDING-3913.jpeg;2020;workshop;;;1X6Hzopvn5PC414v8qCZd_UXunaUpHrSt;
WELDING-3949.jpeg;2020;workshop,humans;;;1BxOeOEWWY8c994AvffWqzWf9_SAgph4G;
WELDING-3969.jpg;2020;workshop,humans;;;1dDqSBLD5QDgTEmfR0sJy9vFsRgk0rSiJ;
740B1AD5-D61B-4BD7-9F94-A5173D12C391.jpg;2020;yoga,portal,fitness;;;1dpezWQo5MUesKguLj4szKVcuUQQlXO5I;
IMG_0388.jpeg;2020;yoga;;;1JXLHLGcn_aJbL2AuHPFXQUxSYp_5UUmS;
IMG_0751.jpeg;2020;yoga,portal;;;1yX0fazgzPzRXvp9r3Fa7lDUdjalMKmF2;
IMG_2327.jpeg;2020;yoga,desert;;;1ZTNJSLVIlEVU1kHw5L7QB00lhWVl5EGh;
IMG_3391.jpeg;2020;yoga,desert;;;1UVp2FJui6-0NPI84sGLfuCR8wlHxTuE_;
IMG_4183.jpeg;2020;yoga,portal;;;1w-mgo9oHGoQw5PSdbmeyhKrgO-dqOaU8;
IMG_4228.jpeg;2020;yoga,off-grid,fitness;;;1JcjetKZJccpB9Z1EKtm8HryZR8GpH624;
IMG_5040 2.jpeg;2020;yoga,pallet_racks;;;1nd2AM0TQgWmay6n2r5KMM7716RMPt_Nf;
IMG_5426.mp4;2020;yoga;0,3;;1P5wbEW0WngdlGTV6eCGFKCgu-bbDd9UA;AADK6AjI5msctLNijNx-_20pa
IMG_5915.jpeg;2020;yoga,desert;;;1JtDi9KqucOUci3Jfy_PnFIv3QcBkyJ7V;
31946CC1-27B6-4958-8CC8-B4D4E54E5C2B.jpg;2020;hexayurt,cyberpunk;;;1MtAZlXYRIbn-yDZLbzv-tUVW0DPPwxuD;
20200113_144102.jpg;2020;hexayurt;;;1NsA1Dvn9Cx9b547i63V3fKTfXaI6EY9o;
IMG_0060.jpeg;2020;hexayurt,solar;;;1Phh08mv8em7umghCpEb8Bcl_9D25AUHS;
IMG_0232.jpeg;2020;hexayurt,cyberpunk;;;19XD5tr1OBka_71wrsYy0nlYrND9GJPwg;
IMG_1179.jpeg;2020;hexayurt,solar;;;1uXJmdDdFqOGYb-lXf-TPmM8Wt1_nts8k;
IMG_1381.jpeg;2020;hexayurt,carpentry;;;1Mx5HRKewb-vWPbqS2zXdp4cSfgTc2IvN;
IMG_7301.jpeg;2020;hexayurt,carpentry;;;1jJU3F1-bqMLEZDHjG0dPWHSsLHqQhrt0;
making_yurts_1.12_1.mp4;2020;hexayurt;9,13;;1ab5zoXmsRgPJVBo2I7dNDwfkY7yaoh_b;AABKJKnxNYdg5VTEEkIvH3l2a
making_yurts_1.12_2.mp4;2020;hexayurt,cyberpunk;1,5;;1vzdNIiPHchlBneWt_jAEjV-CRsiIADnU;AACsA6clhIyH7zG0D6ILt9D-a
making_yurts_1.12_3.mp4;2020;hexayurt,cyberpunk,humans;2,6;;1nit6tNS9rj6WyoG3D-XcK10k3UUTS9SX;AABYVN77jnOzDRkfQN4VgIpka
making_yurts_1.12_5.mp4;2020;hexayurt,carpentry;1,5;;1mokCkjswktR7vX9tQXU5UZ0lzbTfODXY;AABduRFNnXvqcvWFNwgo-qeea
making_yurts_1.12_6.mp4;2020;hexayurt,carpentry;2,6;;1DBX9DHlkdPO-ZTo-vKgBRs48JAIRyr3U;AADPsc_r0U17-A9sUor-6_OMa
making_yurts_1.12_7.mp4;2020;hexayurt,drone;3,8;;1PhljWOX3hiqVk5Y1wAOrnAXrj2G5ITM-;AADIr4IVocRI6S0juU1Ld6yma
89D4A62C-7830-41F7-A9DE-051AA470584F_1_105_c.jpeg;2020;off-grid;;;1m1q3p1SidxWoOuuLYTIWJv2Z_u7fFo8c;
DSC08070.jpg;2020;physical_computing,off-grid;;;1e7IhAc5xl61cNuPAKEmx8-cWFuDThwMn;
IMG_5686.JPG;2020;extended_reality,off-grid;;;1ZKgw5RJ4JxHpnwR9ie6Jr-gIninn7HNU;
alsino-rgb05.mp4;2020;extended_reality,cyberpunk,3drendering;7,9;;1xfKLQVQkAMbJWJmYsponckHpEopzZwDK;AAAloKSU1P_wbCIEJ5jPrxJta
alsinoblue-spark.mp4;2020;extended_reality,3drendering;5,8;;1hN-WIdYoqWPV2EoSAS7l_kkFQ7com31U;AAAvmSMM6YWxuGErSWSfl_NZa
desert_pano.jpeg;2020;desert,cyberpunk;;;1lZK77Ne3_RbO8MQQZP3wsnDdq3ILvuH0;
DSC08035.jpg;2020;physical_computing,desert;;;1S-upIiiy3XauzhsnLzsIUOK-qEKYtEKT;
IMG_3230.jpg;2020;installation,cyberpunk;;;1Clyv50k5ZSde8Mhd78bcT0am2ix1N03f;
IMG_6072.jpg;2020;performance;;;1YXTP0JESgqV818gRzuhDBkyTiHYATUjF;
IMG_6103.jpg;2020;yoga,sea;;;1L2j4mQO5UUNugxYUUkUzhvMFCMf1LuMG;
IMG_7847.jpg;2020;physical_computing;;;1n2liwpb8F8rP0T_-94oMQGHD-6Iw87fH;
IMG_7858.jpg;2020;physical_computing;;;1PveAhiacN5PRHngVYv8hFzrpukBwWq-_;
IMG_8032.jpg;2020;physical_computing;;;1n_Zusg_Bxs6ccovl-y5pbISejKFmT4t-;
morning-meditation.jpg;2020;yoga,sea;;;1ezmxvxb-6c66djDWfMQH-sabTUqX1aCn;
neural-smpc.png;2020;ai;;;1puVfZ6929tJ7FwaN8-F3i1JNPpLK9MfS;
PANO_20191112_154619.vr.jpg;2020;desert;;;1IfVSxwp1GqW5DoVUOERYWmSz4b_q7oSk;
received_2382445732017282.jpeg;2020;desert;;;1Uapimb6JMnHBEejGo4n53K8QC_AVgm1-;
Screen Shot 2020-04-04 at 13.21.29.png;2020;installation;;;1UO4cpkz8I2ZbkYqnrwgREbaTGsVc00Cs;
workshop-cyanotype-01.jpg;2020;cyanotype;;;1ar9HSTW4xruc26u7nBX56IZhApzMXCjl;
workshop-cyanotype-02.jpg;2020;cyanotype;;;1TyGvGCBauMK_vPaqLBwvqhsXwm3UOaMh;
85357992_625510674878955_2139510429846982326_n.mp4;2020;animals,electric_unicycle;6,9;;1pfzMS0-w4f4HEM265srqXTKy9yzOuaAE;AADv3_4l0G4jKoXJR6sbbvRla
85300666_1010199349361675_6509559077112205816_n.mp4;2020;animals;11,13;;1D4a4YofLwJtNhiWG_AmwWUaT8o1i-u40;AAD6b4MSPKMp_Uhosp4ATdeqa
84425946_1426722284174708_4187059548118328727_n.mp4;2020;animals;8,11;;1yXyxlecssg-RCMz5Qp5UNzeeO42Vct_B;AABtJCZudn52wIvLaFdHOp_Ta
norman1.jpg;2020;animals;;1;1Vkufz4-Ih5La65wp9a80F1PqaWplgzLb;
BOBN5969.mp4;2020;animals,vanlife;5,7;;1Ol4ghsmgzwecd1KWa3WqQGXfDIiRw876;AAC3VJ5n5YBIsg7rzb-o8ygLa
norman2.jpg;2020;animals,cyberpunk;;1;1_l6uN8itcov_5dLkS5PWwXI42XuJk4yo;
IMG_1241.jpeg;2020;animals;;;1tP3JkRCy9XROwqamnsM5iApSLwT1eI1S;
IMG_1242.jpeg;2020;animals;;;1SHWZR8ifFzMl-Vt5wxQTe12mTBGCWpjM;
IMG_4480.jpeg;2020;animals;;;1wReyzPRQs4sYpaAUgWOvyq0OCGDFsG7y;
IMG_1547.jpeg;2020;animals;;;1aK9idS504j6K00yQT5FPsPMC81a24iVh;
IMG_3739.jpg;2020;animals;;;1uFkPSbsKn2LzoOWhbPFNTUGX_u4vK84_;
IMG_4140.jpg;2020;animals,humans;;;1JaFYOOVPw_sRbsCwiRwnnSnyin0plnTF;
84337666_190079675400562_5038155351454259639_n.jpg;2020;animals,pallet_racks;;;1uSGOVL1E7G8g4un3eWXGaVW4nTbILIXQ;
84288387_793907934353258_4822229775882888297_n.jpg;2020;animals;;;1EKbFfJZhcI_qnWr7T7GIJON0uqwu49fo;
82679953_3222916611056631_6084160633261492960_n.jpg 22-49-53-640.jpg;2020;animals,pallet_racks;;;1GBuiXADZQElcWF01PCE10v05-2PJqiFl;
2020-04-27 11.03.05.jpg;2020;ceramic;;;1Z4Yav2mUHqy-jeWpuECUdDFef7bXTWlK;
2020-03-28 12.36.13.jpg;2020;ceramic;;;1mhNUJ3wDrdpNV92X4s_qT68vdYPGiTEz;
2020-04-11 18.30.46.jpg;2020;ceramic;;;1yWvFxjsjHAylT-DtBdwRQn0cFNe8NfuX;
2020-04-27 11.04.33.jpg;2020;ceramic;;;1ib2uvrSz2uwYWujmjDvY2T9ZmyjBoGAB;
2020-04-27 19.40.18.jpg;2020;ceramic;;;1TFurv6tSSgISAv-Efmh4Nnp98TayUTrD;
2020-03-31 08.22.57.jpg;2020;ceramic;;;1Hihfx1GfSEX6UmC2BrQZGtEOyE-GsX86;
2020-05-01 10.18.36.jpg;2020;ceramic;;;1UYr1Rj0qc2eMWldY1EOjhWhRerIdUS9l;
2020-04-11 18.32.10.jpg;2020;ceramic;;;1KDAwkHeSgLcwuRarZp-s5qswZ5ss8JyR;
2020-03-17 18.40.32.jpg;2020;desert;;;1tn0t7k4HI_n1AV5i29ahfmdehzMrVh9l;
2020-04-18 18.53.44.jpg;2020;ceramic;;;1M6MUzDjGqIlE-JERsIU1TDsVLjPEzO4n;
2020-05-08 12.27.20.jpg;2020;ceramic;;;1fo1bRDszcVOtMkC1MRZUVp5boWDZ9B1u;
P1010259.jpg;2020;cyberpunk,parlor,humans;;;1hpxlMvfgcjK_A6MGV_c2aKA_EAXsUHo5;
P1010248.jpg;2020;parlor;;;1l0E7mIUjLX6NOG9eIjBomHYzcaz8mYPG;
IMG_2239.jpeg;2020;installation;;;1tMISKerW2T6uKxP04HSbEqm_Tmw75VH-;
DSCF9796.JPG;2020;cyberpunk,humans;;;1jQoI69OaZwX8rBB947P0ltGC2_oCzIlG;
DSCF9814.JPG;2020;parlor;;;18r8oxxObcYoljkXZQN5CCVwCZAIr1eNI;
IMG_7125.jpeg;2020;electric_unicycle;;;169yf_1C7ZEzmnft0knhEAtUo8o0w3Ln1;
IMG_6692.jpeg;2020;installation,cyberpunk;;;1bzN2R8KP0AtYgYIAc1nxn_JX6TxRtf0l;
IMG_6230.jpeg;2020;workshop,physical_computing;;;1OCHThHTVkiZ4qenUpi6pHHhkJrI8dlgQ;
IMG_6761.jpeg;2020;cyberpunk,vanlife,humans;;;1CHjthLEHF933sie4PmUEu1Z04LpsyymO;
DSCF9787.JPG;2020;parlor;;;1bTezZGQ4JuSTLiIYv1a3cW_zjy1nAgOX;
IMG_5474.jpeg;2020;installation;;;1-BVqXwC2Ebe284Sc2JGgMusGfXLl7wTp;
IMG_6053.jpeg;2020;workshop;;;1vXIunwxem_g9cDfXs5ihZ789h3r7od9E;
IMG_5996.jpeg;2020;performance;;;1V65G5_olDPr_Zko6zW_PhlvLT0V54-bM;
IMG_6316.jpeg;2020;pallet_racks;;;1rLpqHSNOhNiIpqwQPbtR_AvtnkJ3LtWa;
IMG_6747.jpeg;2020;portal;;;1g59_V4jG40O-AR4ztFtf8ySkoeBi8Gv-;
IMG_6340.jpeg;2020;pallet_racks;;;1fP8RLnaHxZvXu03WoZJvGtRSrJ71putT;
IMG_6314.jpeg;2020;pallet_racks;;;1MKogwON3bSgpauqFs3Szo5JR25qjsyz5;
IMG_6713.jpeg;2020;workshop,cyanotype;;;1pkf9d11e29WwtzqFlD0CFGP0oGQsUbiG;
IMG_6860.jpeg;2020;off-grid;;;1J28ex4F3Tx3vaRF1sz68mwsvFWV58ubS;
IMG_6294.jpeg;2020;parlor;;;1Yc3C-es4CpoXbRq9GX-UxwV94A5-7adf;
IMG_6615.jpeg;2020;desert;;;1tMreGRY789gs-kmsXcIGHstSPDzWzcoH;
IMG_5291.jpeg;2020;vanlife;;;1pPMBOYZguOpCbq-0XdfRz6IqGsr0kEGp;
IMG_5364.jpeg;2020;installation;;;1uyIQYWlt-o-2EkCI5LCG8np9SSfhnX_K;
IMG_5590.jpeg;2020;cyberpunk,humans;;;1HFIcCMG0PLXKvdcCF53KhG0gdcpJHh3s;
P1010566.jpeg;2020;portal;;;1Phx2Dkfv7Pqdl5QNao5VqH9HoeyA7LCk;
IMG_6836.jpeg;2020;portal;;;15utATIlEPYRsL6DDZGzDgkXd_XiPbv4e;
IMG_6035.jpeg;2020;performance,pallet_racks;;;1m7925O7STUHcdN1d0VBpm-W6xdQCBooI;
P1010373.jpeg;2020;off-grid,cyberpunk;;;19zCBg0wqG9YWBeedML_jBFxNx_ZiO_Sc;
IMG_6270.jpeg;2020;parlor;;;1oFHoaaC2TjsTaABHXREIwaoPR0-59UC8;
IMG_2125.jpeg;2020;performance;;;1kbRVSuLCgwa7yrq5n_fA8GCqVA8Ylatc;
IMG_6762.jpeg;2020;installation;;;1WBr19MWyT59c1fvOgXVyB15v7_xIZxVY;
IMG_5841.jpeg;2020;installation;;;11KVpG6ZMlBhQnRdtqNoSnUviexJNofgf;
95291638_147433440181155_5813316836573543659_n.jpg;2020;vanlife,humans;;;1c1FJSMfFRKzm5QNfBAdvPVJGkC922zbP;
87847366_189799309016064_6336532719222126732_n.jpg;2020;workshop;;;1By8Bj9pBx9PP5Tti7Dyfdn3GrW508oWG;
94740048_2685474908241445_4516469075384927650_n.jpg;2020;off-grid;;;1ysavGebHe5AGfFILumWt-aX4ng-AbAYn;
87744983_508516816349125_2934374312343976445_n.jpg;2020;containers,humans;;;1-NWswTgyC-uQVHwpTO19MUNCe_l2835Q;
87691781_1263059513891963_4695703944877081648_n.jpg;2020;performance;;;1OVJ5M3NwxIBWOZ3nqk4p5U0gJCoFkcy-;
93954669_600822937458181_1821347479830751063_n.jpg;2020;vanlife;;;1FmlC0-ay19y0vpYmclVnzbhcOBvBwdPW;
84180486_694442841094807_8587060695399881918_n.jpg;2020;performance;;;1yu93ObW6N60PgHRwdb1Gla7PH8fDgPT2;
96711182_259712698510546_5719404496658875823_n.jpg;2020;containers;;;18ODLBoZ1WOB9dIEEiLhUYSW3Vq6dsBA7;
IMG_6731.mp4;2020;cyanotype;14,17;;17rX7de-GZTIiqFf1Lrzgcq-zfb6segHB;AABa7Kxqqx7by0hlrcL-9OOUa
IMG_6638.mp4;2020;performance,dance;63,67;;1PVTaz-mDfZM1QXqE5h7_qLABrJaSE7o6;AACr0SBf96iUcVvpZbVQdyFQa
IMG_3082.mp4;2020;electric_unicycle;7,10;;1rrdgmCPEcU3natpZQomZJEN9JH5iepwB;AADOjL0mgl7zeJaZA0xiCiDGa
forest_happenings.mp4;2020;pallet_racks;20,23;;1fOyPvaM-DPPlLzR1PNrsGMncYlYo2P_g;AACqk6F7OGmPge78DQUEcVPha
IMG_0452.mp4;2020;carpentry,pallet_racks;0,3;;1v5sdtg7TcIQyEQH3fYbVQRabeu5Kcu1u;AAANgyrMBSoFs-YPO-MIY8-Ba
IMG_5347.mp4;2020;performance,dance;0,3;;1bXdb-rpi11t2Me3b6PquerrSfV4L97_P;AADgcE41RQg5mB97WDPMe4bpa
IMG_2249.mp4;2020;desert,sea;1,3;;11TS339Wk7GF4f4HmEQJzbiUkl2wsMXEc;AAC0fbxGK-b6gh260Lnn1_Zqa
VID_20200308_153227.mp4;2020;performance;20,23;;126bjv_yFm78ohO0gJGii7xsAxjyw9Vyz;AADoxtP_MywFPji6uiMbHK0Ma
IMG_6167.MP4;2020;extended_reality;43,45;1;1_FUnOBIBS1PvTKd9PcHc2NItIhBLRJEJ;AAC5xhBBBnvpCw4IerSyYi0Ka
IMG_5510.mp4;2020;performance,dance;6,8;;1c75rPLt490gK0Mcax31OMd61_sF0J2Bb;AAC97uOg7-K_j1R8t7dJlDrXa
IMG_3631.mp4;2020;installation;2,4;;1BEebdpdj3-IJIIdn2h-TuY9RKoUNVhcN;AAAjSXzxyoE07dUWlkXyRscca
IMG_3729.mp4;2020;performance;3,6;;12xDzPSNhKF_PsajOJDp4w5npO_RMC1ss;AADhiglcDI4bPliBGkDcPsfza
IMG_5977.mp4;2020;performance;3,4;;1gJfTYfBqIboppLLiSZSemQnu-5X4B8d0;AAC91g-p0lEtgSjiQ5bKeTUua
IMG_3528.mp4;2020;off-grid,electric_unicycle,fitness;8,12;;1lSN9OAZBY2UyVQp5JSzAgeryTB-LdbOW;AACmHlRCh5A6BRC5UaBPaJyHa
IMG_6319.mp4;2020;parlor;3,5;;1ioiCwcsR3Yrvf7IwRne61A-ACFbCSJDT;AAAY8yf8vhHpnSlDBfpWCOPWa
IMG_5675.MP4;2020;extended_reality;23,26;1;1hQYa3UN7xKj_mOJdN9e5P8TX192miJOD;AABUFMM-1AfmOuaCyxHyie4ia
83285883_464197277802891_3124398877961856440_n.mp4;2020;off-grid;8,11;;1spS44HIc0JahDcsCSZ-xwF8tXh5b-D_y;AAA0aD3WyKdscxyQAELfLR1Ta
86032894_130240461810589_54293300725350603_n.mp4;2020;workshop;12,14;;13FY0hoA6geJkl9c43KLbvjtRuOV7DCV2;AAC7AxWj4zbY2Ga2DYZYQtjLa
9ba1d5dd-2a9f-4492-8678-645600e12237.MP4;2020;electric_unicycle;3,6;;1sd8b9AfRGXdRzJXZS6O8O9e1bC_Dyufn;AAB8_l8ANX_B13dTONTFYLtwa
84140398_120985412561501_1161122787095791620_n.mp4;2020;pallet_racks;1,4;;1PLXPoOJHuW0FmIBwtWR41uFlMqFLMyf1;AABQB4fVQFv1ynu8pzsO1Lf0a
IMG_6622.MP4;2020;extended_reality;2,4;;1rLIxvkb6apRkCf99csv3_Pzbua6TJiJU;AACY5jfBtsP5msBI8h_xRk_ka
83394878_1088668014814119_2257231832983105389_n.mp4;2020;hexayurt;8,10;;1W5F_DbC48plFGrJFDq9KHLF5Robn5X_I;AACLv30xrk2MMfUBUUZPwz5ta
86463571_214972332975610_1938886143791718449_n.mp4;2020;cyberpunk,dance,fitness;3,5;;12KY84T_U5dgmVOcj9qDgfH5oRNg2IyHk;AAA-54-G_kEzNAHBa9zXwLn3a
88004624_187700802567024_350938836955815258_n.mp4;2020;cyberpunk;3,5;;1xRB_ts2_gznlF63RzHrI59C_iQAkqQBk;AAAcj5xnBHvs6k5Ni_FSbMcLa
93769936_157762828946236_6110784390713910056_n.mp4;2020;pallet_racks;4,7;;1NqQA8WK7OwVwfKRWKvy_7kPa6RYTIWCK;AAAY9hrJcdjDsycsMnQgNdoha
CFMI2682.mp4;2020;off-grid;2,4;;16P-iT_vsIfXQskChhlSZn3KwRA-k5vPF;AAASERawpTFLji7e5Ln7V_DAa
92926269_149330769903821_2158340775485725424_n.mp4;2020;off-grid,electric_unicycle;2,6;;1axvoakTmpWVzJHrTLvwqcd2tKnYHQtYM;AACUVmNfn1nbG8Cp_op8wvPKa
20200317_222727.mp4;2020;pallet_racks,cyberpunk;9,12;;1xRUQvaD01mgb3SjLJGi5jK6NVPR_HLIv;AAC5QU-q2Zw54z9lUbHZYpLha
20200313_163607.mp4;2020;workshop;21,24;;1qLkYwE5-0hoyc1D8rWGaaYTUpjXAv39j;AAAyZo5CS7Qk78ZT0ZLYo7SWa
20200310_161043.mp4;2020;workshop;18,21;;1CAgae0jhVEb4Q3mXDUBDfFNzQcrmHVEx;AACu5WHqZ3aK1OXk9hWxa9Tma
20200317_201729.jpg;2020;parlor;;;1erF75ddKOw2BQwnlB-cbHsfTyt7FnrT9;
20200311_204601.jpg;2020;workshop;;;1TZX173mcCJliB6h4wdV6fpqP08J6cr2Q;
20200317_201251.jpg;2020;parlor,humans;;;1Fp2iBMS5o2IAkLz8OgQgrrEKqhSpnFfg;
20200317_193714.jpg;2020;cyberpunk,parlor;;;1Rk0wnG4Fym9RtydCsHondx4WmymE24xe;
IMG_5051.jpg;2020;workshop;;;1GHJeoYPAHfqZjl_QkmJjAfZJR1bgUKxA;
87789600_1554787758008183_7527623005180265870_n.mp4;2020;dance;1,5;;1noxlZErWWj4gforrPKsp0KJtOf6j9kDH;AAAHRM2FvY68t7dQKZegyCeZa
bbgan_bouldering.mp4;2020;marsgan,bouldering;9,12;;1-pPJ95m_L2ncJ7hmJQl4fvbQyhciXMnr;AAA7dfeAQvXhu_M4Hni6mRIda
bbgan_bombay.mp4;2020;marsgan,ai;46,50;;1pAGU5tanfr-c-2BujzKvfrE5R4FKFrkW;AAAdAo6xtCEkTwHAJOvaf9MOa
bbgan_camp.mp4;2020;marsgan,ai,vanlife;45,48;;1CQhfWRjD16HdzFoTdCaWZ72eItLZW5_f;AAD2bzok-PjyLyFaQGYmK4Qya
bbgan_lodestar.mp4;2020;marsgan,installation,ai;20,23;;1uCCPo5L8KtYcxy_GqnwPQsQj5_q6t3ia;AABFV7C7ysJ7pmZC-pFrjz9ra
bbgan_landscape.mp4;2020;marsgan,desert;31,34;;1SGSzzMqg_4a2YUpRMAB-ZmZRL-9o0O-G;AABRQKxRXQ4ANHLy1PyKSC-Ta
bbgan_mars_air.mp4;2020;marsgan,drone;22,25;;160TeNGKPFDn15AFmlf5lVxxCzjJrKVtW;AADgiOgcfXXMJq7_OaXshjXEa
bbgan_mars_ground.mp4;2020;marsgan,ai,pallet_racks;6,10;;1m-w9OoWkXY0qB7f8-iHpcvViP3v6V7OG;AABSwwzcGE16cpXUssS4uS1ha
IMG_6229.jpg;2020;workshop,physical_computing;;;1SrX5N9CJxUK84d04967zCVvTQJCBip67;
study.jpg;2020;performance,pallet_racks;;;1ZtAsqrbmlF-8wAE7BwLbWSTmL-lD6sVe;
<3.JPG;2021;drone,off-grid;;;1KykP91Y0kdxF82GYuGKOcsXENqQXGiW3;
2021_03_31_PILO_11751.JPG;2021;carpentry;;;1F1Hd4owdRI7rmWONh4WHTm_wzOQL7Nev;
2021_03_31_PILO_11770.JPG;2021;carpentry;;;1j0Xhtfprmi2fUU_2Jv3l5nLr87Ndk_gH;
2021_03_31_PILO_11782.JPG;2021;carpentry;;;1m4EEQqESwJbvlRelvtR8kyWDNj4y7OZa;
2021_03_31_PILO_11783.JPG;2021;carpentry;;;1HLARlg5BcWKt23gOw_DE8WLYwcZEOznN;
2021_03_31_PILO_11813.JPG;2021;carpentry;;;1FjDknIpnV56FfMmCTFpeuUuR10wD4m27;
floors2-8D293.mp4;2021;carpentry,drone,off-grid;14,18;;1cs5qJKRJ1RcqmGcncjutRRlqWQQC6T_B;AADUhzL55ZzEqbWAtW9fOA1qa
2021_05_15_PILO_14464.JPG;2021;ceramic;;;1MZb8bmk-31WBX6h_Es4YxUxIKtI0djLQ;
2021_05_24_PILO_14639.JPG;2021;ceramic,humans;;;1qshTupxt6LJfEnA1b5xDAiM7_KmxHiyf;
kiril2021_IMG_3645.JPG;2021;ceramic;;;1dCauWvtgZdEnJJ-A9cE1FPKrLZus8n89;
PXL_20210214_012153233.jpg;2021;ceramic;;;123xQNW8t6XsUCKIaUMRDOMg5rf-QSt3q;
2021_02_28_05992.JPG;2021;chiba,off-grid;;;1XwvpewYAnfvCBHXJ4nxxiqlVGsSuSuY_;
2021_03_06_06186.JPG;2021;chiba;;;1G7sFfsm4NLTDZqa4dDxE_uvRZglvZdyy;
2021_03_19_10149.JPG;2021;chiba;;;19s1LETguUH-7qcDhjOr3nQyseFcwZj9w;
2021_03_19_10538.JPG;2021;chiba;;;12oNXEGsGcQU6OkN6QCo4bkiD1n3JNjyL;
2021_03_19_10542.JPG;2021;chiba;;;1GY2hVNsEsC_sA127x36FPT5Ea7IuWsfx;
image0-09A82.jpg;2021;chiba;;;1VWrxjYs2SsE1Zg6QiCxhi1jsTaH_bXIG;
image0-21C3E.jpg;2021;chiba;;;1cSM__PBE09VX176a1vY5T8jm6fXMiUa6;
image0-116FC.jpg;2021;chiba;;;1jRwL-Hcm5mSNW6sa3TA5R-AK6yzkzU6T;
image0-182FA.jpg;2021;chiba;;;14LcgDwKDD0K6-f73hOI2m7rbT9uKiS8p;
image0-B9B24.jpg;2021;chiba,off-grid;;;1neFjl-3MXunqn4pxhxEmKbbdnEf1XaIm;
2021_02_28_06022.JPG;2021;installation;;;15B531VWrOe11wnt9meA_MZh61WRWuJ66;
2021_03_06_06434.JPG;2021;installation,humans;;;1TEVgvro3UkrPEXC0mFcnKrnOuK_UXSp-;
crystal-burn.mp4;2021;installation;2,5;;1xa34LuM1S33noHU9dkNT4YdM7fMmD7j2;AAC3ellKxytttOqqRrXYTXhOa
image0-5A5C1.jpg;2021;installation;;;1kNZWePJqHXOIXATkrfIcY_btFFNhsB4j;
image0-405D0.jpg;2021;installation,off-grid;;;19Yu62208hdV7JBORVlhJzxU8UUOODMGC;
IMG_20210227_174628_920-4A133.jpg;2021;installation;;;16Xpk0ItV6QibjV39sxcpTLWP_P3jjjzR;
video1-03FFF.mp4;2021;installation,performance;13,16;;12zrc2SxwU90uYgXo_wADfeKvlaZbs6Ak;AAAnjdNGxKcNmfPEBw-ytCDwa
2021_03_06_06441.JPG;2021;cyanotype;;;1Mm5LaPjxNLo1tp-AYjT1SnLUrmbYd0-3;
2021_03_06_06458.JPG;2021;cyanotype;;;1Up_CAGJys9UbUjqxdCrHzV3s9QqZiTHE;
2021_03_06_06460.JPG;2021;cyanotype,workshop;;;1MagE4SWEpF5LuULykYHbfQSc6886ACuP;
2021_03_06_06472.JPG;2021;cyanotype;;;1XC60H4Fb__70N8YqNU4_BC3V1xScsKE7;
2021_03_06_06480.JPG;2021;cyanotype,workshop;;;1Esv3iRqCF5V8TqNBzHUYFd79Lx58Rw_a;
2021_03_06_06497.JPG;2021;cyanotype;;;1kh1rT-9UauMtLTANrNHTLBJJiYU4rx6C;
2021_03_06_06502.JPG;2021;cyanotype;;;1YY_VzpVxfNR-D-64e45XaSOABFEYlAgL;
2021_03_06_06503.JPG;2021;cyanotype;;;17_wyCd-TVcxhISagIWX_eqluYfFmxNCp;
2021_03_06_06511.JPG;2021;cyanotype;;;1WitF5tKypY0HAXmx4mYcoTkaanVcvBez;
image0-113A7.jpg;2021;cyberpunk;;;1Ln2bAr0-Y8BweT3ojogDWBBLWpRoARNg;
image0-67222.jpg;2021;cyberpunk;;;1ai7CMSARlpGf4OGqdZqXXpGmkDbzcxPg;
image0-A5E8C.jpg;2021;cyberpunk;;;12B7JdjspioXzb8TPpNkz681eHrl6z6Ex;
kiril2021_IMG_3221.JPG;2021;cyberpunk;;;1WTsfv1INEpkTKhfbG0bpXfrL2e5KBuaJ;
kiril2021_IMG_20210311_152826_722.jpg;2021;cyberpunk;;;1O82vVYc_XSRK4hAGoKtStTy_KT9-Vqxl;
kiril2021_PXL_20210313_034347699.jpg;2021;cyberpunk;;;12vQeR_ytTSfgT9j9Z2xVrrkLukt4b47w;
201D6102-ED5A-49D4-B8B2-607997B3BA09.jpg;2021;cyborg,3drendering;;;1T2-I6pMptSASgVwaLe4Po4we2M6Mbp12;
face_02.jpg;2021;cyborg,cyberpunk;;;1aVDXWT7paFHUpFi4c0Nqc8AU5Qv-OX_v;
handpantouchup.png;2021;cyborg;;;13eYqDDn3sFmsL5iZwIA8D3PFa8EfrSBs;
image0-333DB.jpg;2021;cyborg;;;16OgPEZwruNw5z8HYoeJ0Mc_UsuH06LxP;
image2-B76F8.jpg;2021;cyborg,cyberpunk;;;1OBwiBQHRdID0AI5JHp4OcBeTsfGagJCo;
image3-5CCA9.jpg;2021;cyborg;;;1pYQzpE0ueP8Yk-ftHJT0P0F9wo-oAOM4;
img_2.jpg;2021;cyborg;;;10plVsU9qnrcKWpcKdWXLpLjIrOIsoX3U;
IMG_2069.png;2021;cyborg,cyberpunk;;;13pMoR0D3zlw3ajBKJvAe2-osAw3hlyOg;
IMG_3019.PNG;2021;cyborg;;;1BWWg0SFUD6smB0wokRNNlY8h-K2F7_4_;
IMG_3056.JPG;2021;cyborg,electric_unicycle;;;1sQsoFgJxajCHeFtKPTLCh89K5IG8Eyoc;
IMG_3579.JPG;2021;cyborg;;;123eV1-RyjY7qhCQLJKTNBpUHfkSOgCas;
IMG_20210314_220413_173-04.jpeg;2021;cyborg;;;1nIXvKA9SJBq_9H3CqqkmGdMS-aS94Fff;
laz.png;2021;cyborg,desert;;;1O5TwI3OKnuogus_JSeDGSByXoPIXVoaV;
templeandwiredude.png;2021;cyborg,extended_reality;;;1YG1eBYXGsxRBxwPyYETPczy4rCQbKJyC;
VID_20210314_235300_163.mp4;2021;cyborg,extended_reality,3drendering,cyberpunk;2,5;;1tu0NFPZxpdJlwQ3MXHPyBs9lK5S8r4qF;AAA-E0pf8INmpjgzZCFrudD5a
2021_03_11_08513.JPG;2021;desert;;;1oEytXF878grcNBr3tAPUI37bwYjQEq1n;
20210112_1706302-EA045.jpg;2021;desert,off-grid;;;1PjINnkg96u25l3FRZ79N6PVj4JaK2OZU;
20210113_172422-B4527.jpg;2021;desert;;;1b2OSG7yVIJYaBJjLcGJHgFVCLpM8uJfa;
20210128_170440-FEDB1.jpg;2021;desert;;;16AvAoPCThmMT8gY7IoT6GiJp6f302Ccv;
DJI_0018.MP4;2021;desert;20,23;;1HO1yNbu7K1Ks6su6AA29LGxnNFmOwO0u;AAAh1E9Y5HskYEuqXfxVwyC9a
DSC00071-71109.jpeg;2021;desert,pallet_racks;;;1K3RmDBRkNC3JRb6eWSo77p0C_Mb2t6qk;
image0-2C4AC.jpg;2021;desert;;;1WesrSbE7Y4N6Mytcz0av345xt_N7CzkS;
image0-015CF.jpg;2021;desert,pallet_racks;;;1hA3It7bcLWN6hdmhp6CXM8fxoZPI7M4A;
image0-7874E.jpg;2021;desert;;;1psESSQOHCI9LYb96PiY9hIp6-NvK7C3P;
image1-C9C45.jpg;2021;desert;;;1n220-H1O5NI5_Y4FOIExdTqJKWGtHf4i;
image2-2A8AC.jpg;2021;desert;;;1xFhj43cm9nQl5wVWtyBDCfcaLZPKvnYC;
image2-162F5.jpg;2021;desert;;;1Gjfe2CjpQtKbULwu6xJdDkd3dRF5hIel;
image2-D5391.jpg;2021;desert;;;1cIgD_m2K6TLBwW8YNNNeYf-16wbdtJOz;
flythrough_01.23.21b-637E0.mp4;2021;drone,off-grid,solar;10,13;;1_GyPoXzVHkLPwtieppSognHfCeVw70ox;AACGmBwaakuo7i4Fk5TNrJqPa
flythrough_2.16.2021-74D4C.mp4;2021;drone,performance;20,24;;1_lovrSV150afNjn-6bcmotFFrx_7PaK7;AACQWZTISFA0tB0YtBacriS2a
image0-650A5.jpg;2021;fitness;;;1sa3jX3cSSYYLtCWt7oM2bat-rEc3tCyL;
kiril2021_IMG_2955.JPG;2021;garden;;;1kWbig5SxtNih_7ngE7GQT_fFgqHlAyD0;
kiril2021_IMG_2957.JPG;2021;garden;;;1022ykDtYDHKMUR3P6-qExJ15LiX0MinH;
kiril2021_IMG_2998.mp4;2021;garden,electric_unicycle,off-grid;2,5;;1G1IZtUia2F_C9ruk-SS8SI5rZ19a7I-t;AABKfqtKuS0LbPXtpWiLHzOYa
kiril2021_IMG_3046.JPG;2021;garden;;;1QWWa76wrW4VwONDDcwD2brOWEcZtmT81;
kiril2021_joined_video_3770a92fbe074083bf3ebfd6d201d5eb.mp4;2021;garden;1,3;;1kc69HWovmzZGqV2M_f7Xsgk6lQ_IipEd;AABuVKyxM7qxzJtDOtmjTlTRa
53fdecf3-7a58-4f4c-a38b-46e8991f4f56.jpg;2021;humans;;;12gKlFNSm39q7vjUGXxG_ZBhKZpOk89HY;
2021_01_06_00319.JPG;2021;humans;;;1a-WkfROomdTe758TLdU9HUfdGGOcMZT4;
2021_01_17_01444.JPG;2021;humans;;;17vy-fkBoOkQ88Mok-C6muHjuTl1l377J;
2021_01_17_01701.JPG;2021;humans;;;11WR1rax-JZo8RlEqKHedc8Epdam_6X9T;
2021_01_18_01848.JPG;2021;humans;;;1EqlqlSHOtqyPMKXTk00uqyBL9QYOmzOr;
2021_01_22_03955.JPG;2021;humans;;;1AEh54kHgtqWr17C7RvFNorAjuVg6b6bG;
2021_01_22_03965.JPG;2021;humans;;;1vhybEkdCmYznh544jU_ytJ1O8fXvpcxg;
2021_02_09_05925.JPG;2021;humans;;;1BpQuQqTre120YP-ZWTTsqQZD52c-5UxE;
2021_02_13_04026.JPG;2021;humans;;;1U0oqRYdUsOLAbqLL5jd3yt3DQte9QQLP;
2021_02_24_05072.JPG;2021;humans;;;1AZwqTbIMCUTB5UUnW5FbnTNVIzQiVNyJ;
2021_02_25_06042.JPG;2021;humans,vanlife;;;12k3CJM6ApHHJkp83NiM1H8xMLi1xMCNo;
2021_03_05_07150.JPG;2021;humans;;;1_WPDcoo05YsC-IPPMy6z_CZaVoIjJmTw;
2021_03_12_08626.JPG;2021;humans;;;12hCYtkAwIsR-KwP3C5nimcjzqPFa_7Dm;
2021_03_12_08731.JPG;2021;humans;;;1gdfUG41xLwtVZkJf0KA-T0fg3vjGY3If;
2021_03_12_08815.JPG;2021;humans,performance;;;1zN3AxoOVt4a4oRrO3y7Mj0o9L-6JhX7l;
2021_03_13_09264.JPG;2021;humans;;;1tZ5WYl2jd9tqZEiYUXqJeRGzLJrDmnIF;
2021_03_14_09390.jpg;2021;humans,containers;;;1HmaAfTUp6aQTRIlE28-BL1K76PszQ25x;
2021_03_14_09442.JPG;2021;humans;;;1yMY6KKvSlWCRnRJ2RcFcDhuZFiT_6Dg0;
2021_03_14_09625.JPG;2021;humans;;;1kMkHjJcUobjGcnEQIr9vkumqQE8MAxNh;
2021_03_19_10224.JPG;2021;humans,pallet_racks;;;17A4STJ0YGTZT8LVzks15WnWrEKMvzPJ_;
2021_03_19_10236.JPG;2021;humans,vanlife;;;11L_7i0qDYIWsAQcU_gUmMlhyAvZPh935;
2021_03_19_10241.JPG;2021;humans;;;1TfiaMN92pdxk3cbUiW0o_V4ripi5O5Lm;
2021_03_19_10244.JPG;2021;humans,electric_unicycle;;;1WpPLm70jiFMnf8VBIyUFWRGJnP8DmuS1;
2021_04_08_PILO_12078.JPG;2021;humans;;;1FCBHhFlZp1UywvbD3234vX5s4P19KF9B;
2021_04_08_PILO_12116.JPG;2021;humans;;;12CLGu2KgaKP-zC4tSdBwo5DgA4Phb6vl;
2021_04_08_PILO_12122.JPG;2021;humans;;;1lrlKYhoNTtld3FHMz7iFxczqfJTgfkBy;
2021_04_08_PILO_12156.JPG;2021;humans;;;1OKUhZIs-XacFY3hz4w1W0WlHpA3-spP2;
e836fbfa-bf3b-4865-9d11-02b0b061b6be.jpg;2021;humans;;;1wCy9MK8Hi-TilsaSK7jCN8iiuouXpBwG;
image0-1EA25.jpg;2021;humans;;;1SS_YFEDPcC5j5JuhpK5vFJXXgVKiWeyf;
image0-14F26.jpg;2021;humans;;;1JclWk_ZkY4CmgR_FcTOsHaXof7o6qzrn;
image0-27BDB.jpg;2021;humans,fitness;;;1GnygZdoSz74U-MXFVVgcU7sYxmroA9ZS;
image0-262EE.jpg;2021;humans;;;16AAwq9jwuubh-FueW7N8RvqMOVdbR8JD;
image0-15666.jpg;2021;humans,electric_unicycle;;;1N-wEZN55JtJbwbxS6F073M2XdEhuNFzg;
image0-A4D35.jpg;2021;humans;;;13Hs_vN9gYCCC7pfdJPDTVZK_zUWhA7M6;
image0-AAA99.jpg;2021;humans;;;1XyGXpHkHXSYqmMxUWyj1E7ZFOgRTAsW4;
image1-1E06B.jpg;2021;humans,animals,electric_unicycle;;;1KOon55W3ZP63pJOr0VxHeQHlHuljQt3q;
image3-7003D.jpg;2021;humans;;;1dtr5F57ZyoZafUTuduM3CBEBEUtt_dP7;
image6-7E094.jpg;2021;humans,electric_unicycle;;;1ZtIuBOkwB7XP43TPkl43D_Vg5YCTj2Jg;
kiril2021_0A129FC2-5EEB-4555-8912-ABFD2FC502C5.jpg;2021;humans,desert;;;1ge273e3J_DOBCpyQc6PggrFqkKAUwbYi;
kiril2021_IMG_3706.JPG;2021;humans;;;1Zlp-X1Iq-Loy6iGkrVvDOGihYcGb863W;
kiril2021_PXL_20210312_000429855.MP.jpg;2021;humans;;;1HOZW7jQPN5E61iXFB8Vbgw9h0RJkLQc7;
kiril2021_PXL_20210312_033049008.MP.jpg;2021;humans;;;1O19bh72z-tZ7mBDlY3iecrShZUPxkjvb;
kiril2021_PXL_20210316_012835439.MP.jpg;2021;humans;;;1oFpFFdFYSje2aJEP8qG4RIISbt9f52wG;
kiril2021_PXL_20210316_224816934.MP.jpg;2021;humans,chiba;;;1XdYiPq_itcqtJblJy5pB9k3UrlDOl4lP;
PXL_20210225_012518006-3CDF2.jpg;2021;humans,desert;;;1rL0EJHK2KLkd0icne2V5IHOg0euj1JqM;
2021_03_19_10282.JPG;2021;humans;;;19yUAzHnYFnhXdwRf5Ja61viHfXtgH1f-;
2021_03_19_10385.JPG;2021;humans;;1;1oPwvI2y8M_VXd9f5waQQEIXjkbuKgscD;
2021_03_19_10386.JPG;2021;humans;;;1rr9zf-WLHyMTiOCF19kJq_-UNTxWrUtG;
MLP1-4-B6943.jpg;2021;chiba;;;12sYK-exzzhT_aNV44aRnjxpG0JgIeYAM;
MLP1-5-4B4AD.jpg;2021;chiba;;;1-oyqzdAC7FlOPhDkK-efE4lm8fqRCWGI;
MLP1-6-09618.jpg;2021;chiba;;;1CNe_4FS_Wv_HaU_h904HgzoD3rCkk-b_;
MLP1-7-59586.jpg;2021;chiba;;;1Z2AZQdeeaLa968WqpFZlPzjv26IgtoV-;
MLP1-8-D1E9B.jpg;2021;chiba;;;1yNACO0AAb6clvTTeCVCWSSn7dBa-F2GI;
2021_03_06_06106-7D45D.JPG;2021;live_coding,chiba,performance;;;1eWxAShC6MyCGJ3GhuYI-pO1Bsy4PEx3K;
2021_03_06_06240.JPG;2021;live_coding,performance;;;12_lIkrUhJJoQCohXaQM3b28eHZCPeygn;
algorave.mp4;2021;live_coding,performance,cyberpunk;7,10;;11BWDt1Nz3L6WdiKqfPmwhGuEAa8Gx4-g;AABDtfDcoOLWKbYrCL4mBqe_a
algorave2.mp4;2021;live_coding,performance;20,23;;1txuSsS8Xc5SixWs5pAMYTZ7zNvCkezyd;AAD95lLEUpjzEVZ0-m2L7NnBa
image0-1037A.jpg;2021;live_coding;;;1oiXAUjwDWTAjB5Z90oqgSRXzJ-yHw5r7;
image0-92079.jpg;2021;live_coding;;;10MWD8Lm5gSkZGknug9BD_FyrwisOQSBn;
image0-DD956.jpg;2021;live_coding,humans,workshop;;;1P9Xv5aHaNX68GrF4zJazD2Eqwxmaxeui;
image1-191C0.jpg;2021;live_coding;;;1uMsbuZvf-Cr4zM3X1BRh7zxj1ffSmPF2;
image1-C7E13.jpg;2021;live_coding;;;1MeFZ8sy70isJXOBjLRTDw4hRm2bwjm2E;
kiril2021_IMG_3690.JPG;2021;live_coding;;;1WXRjUin0annVODtxadXxaJ2sS5c5xurH;
kiril2021_PXL_20210313_025221494.NIGHT.jpg;2021;live_coding;;;1Lh_MZ0cDXE02NSBTvVRUGbwjfXCMsKrC;
kiril2021_PXL_20210313_043100890.mp4;2021;live_coding,performance;9,12;;18Yy6rcNLs6OtYVEbNZER9ByiBdjyAdh6;AACaIjXVZPVvuax6zyP6LuVka
kiril2021_PXL_20210313_043126375.mp4;2021;live_coding;1,3;;1q6MMomWGrL_MuPDQDXOcRQ72HojdROSf;AAB_QzZId4KAXEL7_w-Tbwzma
kiril2021_PXL_20210313_045019410.mp4;2021;live_coding;11,13;;14_sWJBaxbpvG4qp4GUyUETuB1jraIqqr;AADn3_l_KjAAc-FHNCZaxkq4a
PXL_20210306_022648193-22772.jpg;2021;live_coding;;;1OZwNV8htkpe6IFMDE69I_b4ghN_q_LDL;
Screen_Shot_2021-01-22_at_8.13.30_PM-7EA70.png;2021;live_coding;;;1oeOyQNixEyHGnfaXslZRuTYW9yig_phS;
video0-73F03.mp4;2021;live_coding;8,10;;1ijcKULzZTOMeooU4k9KwlmA-2q1u7efk;AAC-nrN5GXyY8LOXGrXbFgVea
video1-3F40D.mp4;2021;live_coding,performance;8,10;;1a14QtSlZy9IJw0AVUEJIeGFbF1t9Lwmh;AADewch9AP0OjFL6NdX79H4aa
video2-4E3C9.mp4;2021;live_coding;0,3;;1qr74v8k7-bpJk6gHR3cCXnPOIFkkG_Py;AABxAgqL5Rh4p5H99BRKIK-Ba
2021_03_19_10207.JPG;2021;vanlife;;;11bwckgHD2o1wbyhPLWhqsZaKEj72_ls4;
2021_03_30_PILO_11942.JPG;2021;vanlife,pallet_racks;;;1Gx2byrrCX-LpYr0Rji_V-Xwertmwy7zq;
2021_04_08_PILO_12249.JPG;2021;desert;;;1xMD8augbL9fY8Hu7kJFWX3SQldI0h6ID;
DJI_0194.JPG;2021;off-grid;;;15cjFS3lkRfWMqWUJ4zGYXUxxsHiFZFJj;
DJI_0196.JPG;2021;solar,off-grid;;;1lGiOSY1l0sefFeU4PiX4VcVeWfk1tNma;
image0-0CB53.jpg;2021;chiba,containers;;;1WBUOxC3lQ8WD3TQpYkfn-cosAkeowUY2;
image0-7D8D4.jpg;2021;chiba;;;13dubVZ4q5lKKYcDMxgtiPdlD6quDsIAN;
image0-9B0E1.jpg;2021;off-grid;;;1YwEGQnmeX0ysuKIAsRveuXvM6DwwU_xx;
image3-0DB2D.jpg;2021;off-grid;;;1COuOUInpuvJmuwGmASX8QrQpymEUxyj3;
image3-CAC7A.jpg;2021;chiba,containers;;;1h1TOlPu0oQCLarvjHS0gQA35T2i4fWIz;
image4-2FCE4.jpg;2021;desert;;;1nRnkooj-nGzaTApCm_WxEF0fwJaM3svZ;
kiril2021_IMG_3669.JPG;2021;chiba;;;1p3V7xy20nYY47rPFEdch1gl1qedGMjhV;
marshover.jpg;2021;off-grid;;;18H5zXmVvxZPCsz9zUIPzkndsX4jDy9dD;
PXL_20210225_015333814-C8485.jpg;2021;off-grid,drone;;;1wnCVuXlYt-yudHqCZTSs8Yj22fG6VsDs;
Screen_Shot_2021-01-27_at_12.30.42_PM-F6D15.png;2021;drone,off-grid;;;1u1Yv6Oou0B4GHa-HeYXxb3n7yUFcZ8WA;
image0-DA228.jpg;2021;animals,fitness,humans;;;1cRiMHvw1JzaVMxS9iow1aZJqiiao1oOs;
Mars-3-BC253.jpg;2021;animals;;;12EXgyRYaz-T9_M5XfaK00JkcGWkKg2MK;
whiskey_nana.jpg;2021;animals;;;1v9g4NwqNhTLBEpVuQ1EBoBrp-OLGiXqe;
2021_03_30_PILO_11877.JPG;2021;pallet_racks;;;1EwmZAuAeFhyc2ZE4lzjR9mbNBiAOpbAp;
2021_03_31_PILO_11716.JPG;2021;pallet_racks,vanlife;;;1feCAdz0d5bJ_6Qa4h15AswiHv4TnAY39;
2021_03_31_PILO_11791.JPG;2021;pallet_racks;;;1jsVFccCTrBDhdhqhQt7q4DHNEiREGok8;
20210108_165615-05D0E.jpg;2021;pallet_racks,off-grid;;;1ZczEYdpZQq7lb7nx8woUqaxZViALdVu-;
image0-DA5B7.jpg;2021;pallet_racks,desert,off-grid;;;1TQOZXipiFUnKZ5r1xKROaetp6fo0F3zJ;
image1-FD96D.jpg;2021;pallet_racks;;;1PPfxvqo4a8KF1-M53eZRhH9dh8H9dL4R;
image5-2DDED.jpg;2021;pallet_racks,humans;;;1W9vxDrqiYc_4T_M0jZhJ3DyPdNZIEe9v;
kiril2021_IMG_2906.JPG;2021;pallet_racks;;;11d_kxP1PikTIjU4kfUZKNAtC9PnTM51L;
Mars-1-E7094.jpg;2021;pallet_racks;;;1M5mZ3ZCzAAsSbAjJPeedZr0Dp9oqpOmb;
Mars-9-A4375.jpg;2021;pallet_racks,carpentry;;;1PO16zDqxci44pli2Wg4xMBYr4vv9cm1a;
video0-22658.mp4;2021;pallet_racks,carpentry;0,3;;17yIyGwVVLeMvo0HNw4CIIoQhbUGb5pGr;AAB-dhRCLUSxzMtlEv-6qLm_a
video2-C2C85.mp4;2021;pallet_racks,carpentry;0,3;;15cOt1jxoUnI9zfXOnWUSq4EaOpPQRE32;AABCMFD5oxjMdm5j90lRbSa9a
2021_02_17_05012.JPG;2021;performance,chiba;;;1XnIZxEiy554yMzq3LfhcztnIUujE2iTc;
2021_02_28_06038.mp4;2021;performance,installation,electric_unicycle;6,9;;1j7H3smPnKzpqn6ho71nuG9g5cu1W2z2I;AAA_1hWrkGqGCfykIDx0P_jka
2021_03_06_06102.JPG;2021;performance;;;1zRuRrzQGoauLjEmE8AsWsKPYpJge1XJS;
2021_03_13_09740.mp4;2021;performance,live_coding;1,4;;1DnAWmAeEqzkAu-F2mBX9ggHZ0DRkwaZC;AAAevuup9Rf4aNmn3cYTIj0ma
2021_03_14_09361.mp4;2021;performance,installation;1,3;;1Fnd1m4REycPsJNm4-Z2vGVcXt2IW18Ga;AAAVUNaBgFtCpZaob7phCxUja
kiril2021_IMG_3650.mp4;2021;performance,chiba;13,16;;1dbsXA_Zv70vzr8m5q3Pr02XwO0vTZ_3j;AAAMF32WRbrPUUKyPXQ2xfBUa
kiril2021_PXL_20210317_014336609.jpg;2021;performance,humans;;;1zZc5t1mwrlDxWwilOZN5-sbTMjiHzXyY;
sepideh_and_fire_2.16.2021a-63E77.mp4;2021;performance,fire_spinning,drone;11,14;;1vlRQlbHFeyi79V26R8T4n8Je96EDjQ72;AAAtKZMfjqV02XRoOKN6Uzzpa
sepideh_and_fire_2.16.2021b-65BE0.mp4;2021;performance,fire_spinning,drone;45,48;;1i6igWoDUO7HRyPtycFHqPBqIrSIjNm6Y;AADuy2HJtHbj1qVdUz79mpAGa
video0-C96E8.mp4;2021;performance;52,55;;1k6p-sX-jj94xF4juW1YcksPYLCHgzHp7;AACu_h-wSs18wd55fLLv47VGa
DJI_0198.JPG;2021;solar,chiba;;;1Y7h8zdUi1bzIqRgXYOCsL-nnWLTkFWwO;
DJI_0218.JPG;2021;solar,off-grid;;;1OWfm6YRp6GhB2X55-Xqi5WMXT228E6oE;
image3-E6543.jpg;2021;solar,carpentry,off-grid;;;1OCrg_Fa9TJabZKD_2bnZJwHkpwIkQgce;
kiril2021_IMG_2872.JPG;2021;solar,vanlife;;;17A6JBhD6V1cStadRh0kdlTNZ5AXMS2zN;
2021_02_17_04999.JPG;2021;fire_spinning;;1;1tG2b6p4bgqEjXYOh2B-63aXbyVHft__7;
20210113_170651_HDR-736A4.jpg;2021;fire_spinning;;1;1nEi5EshiKs-bbJabtSMsu9xhBF9O28d-;
20210113_171225_HDR-85473.jpg;2021;fire_spinning;;;18rjBAsdYUhqcDQqJaWWRNytqkkBatxLv;
20210113_171429_HDR-856BB.jpg;2021;fire_spinning;;;1cKS-v-ReMhQimoDP69da9fYEETNVr8Av;
kiril2021_IMG_3679.mp4;2021;fire_spinning,performance;13,17;;1IDt7iUqRNg9coYZ7E-jJ0lzPq2Sc3zkE;AADg_4K3PdgUsWIXhmmUrXila
kiril2021_IMG_3680.mp4;2021;fire_spinning,performance;13,16;;1z29tdC443dZO8sNBTcyoTbstRvxtqh7w;AACFMj1IgJ6herdRiBrBmoIja
video0-B15D0.mp4;2021;fire_spinning;1,4;;1LwV3i3Xtw6MtkObR2oO82BnQlkoAUSBz;AAAlhVTJFBrqPN64_nLvEm2ya
video6-EADE5.mp4;2021;fire_spinning;1,3;;13wGDqWBA2rR6O367Ux0y9-4UZnEehdYP;AAA3mgExl0vAWH9DIGO5cQLOa
00TheTraveler.png;2021;tarot;;;1-GddrWG83nC4lbNZt6JxtBBPGUhjGxz0;
1AceOfMartians.png;2021;tarot;;;1dlYNZAFUs-ngLHYaLsW8rxk9BzmTp2zi;
01TheMagician.png;2021;tarot;;;1tqPB6_fixFTPVHrYc-5vw6ZmvKPViVcd;
02c844b3-9fb0-44cd-8799-4d7622308b91.jpg;2021;tarot;;;1tbJ68nob5hWxIZKaD0Wm4w-VbuCDWULh;
02TheProducer.png;2021;tarot;;;1li5FwW2WLGmCIaZ5gXHMRkIFJAxuH5gV;
2TwoofMartians.png;2021;tarot;;;1N0aFPXyLpOcprzoDyfENvRL-3D92wd8O;
03ShinesBright.png;2021;tarot;;;1OYkYo_eoi6_r0WoQmWgfyWZ0BAT9aKlE;
3ThreeofOfMartians.png;2021;tarot;;;1eQZZgNQ43yM0SqQEKn0SJSkpe9bzYcEw;
4FourOfMartians.png;2021;tarot;;;1soMy3vEr9Aq6prE2Doi-91XH9oiiCjtq;
04TheProviders.png;2021;tarot;;;1zS5o1XUe649e3hN0h36i7GeI4pbyoff7;
5FiveofOfMartians.png;2021;tarot;;;1fytBnWpam551fgIgUnfdGjdoDD7--MJu;
05ThePopes.png;2021;tarot;;;1rlAmswpT0DsWCgm-te2hM6sJn2jiacf-;
8EightOfMartians.png;2021;tarot;;;1bZwaXDV9PcgCFj8_tZGX5eskWt4JhbBZ;
08TheIronMartian.png;2021;tarot;;;1Zm04rqlICA0z6ci1HO2sIyw5z0x9otBw;
9NineOfMartians.png;2021;tarot;;;1d1nt3AT6EoLvgIEi0Ugju9HIcN8xDxDT;
10TenofOfMartians.png;2021;tarot;;;11MWvSi4autLYKgrE2GVpAFtEIEOUYshh;
10TheStorm.png;2021;tarot;;;1Ocye0yEDQbvbcNeFKYn6-JFz_e6TatwJ;
11MaidenOfMartians.png;2021;tarot;;;105y46Juju7UZnIkRih-lTY0hmDkV35_Z;
11TheBurgerMeister.png;2021;tarot;;;1UXXG9zi9Zzg_Q1L8kWzXeHxUWy4fjQ5o;
12TheInvertedPerson.png;2021;tarot;;;12IPNe_ottl8mfgvBq0DmAyVH6BGmLo3a;
13QueenOfMartians.png;2021;tarot;;;1xU16LaIURDk6uQufMYYmIW9EHhus7Kar;
13ThePlague.png;2021;tarot;;;1geWgu7FDNCiGyP5rfLIoG5Vm-1ENQBfW;
14KingofOfMartians.png;2021;tarot;;;1Ll94Ko8Ls6nHsT3eKWKUTCYKnKtQSKJV;
14TheMasked.png;2021;tarot;;;19qkfSWF7v9JF6Qz8-imkJw0q7LuV0Nd2;
15TheChiHuahuaGang.png;2021;tarot;;;1wN1NUZcBys1cHkjIpA9azxUVhhqj889-;
16TheLodeStar.png;2021;tarot;;;1SdbK5mY-2QhhtWJTjYiDSVLhBYOW1f_g;
17TheLiveCoder.png;2021;tarot;;;1EMTh-xqYErGJT2_8m9IShMS4IArkOEL8;
18TheWitchesOfVenus.png;2021;tarot;;;1pBOF_QQ-NdcLxoa3pta_Bv7DHXkTwRSa;
19TheSolarPanels.png;2021;tarot;;;1HJNSHsNUvzgqwb2CKzh5VG8S3u5ryYrh;
21Mars.png;2021;tarot;;;15nuaDUbE9sZFsKuVfuo0ARhF430oO5Vf;
image0-2.jpg;2021;desert;;;1MNGa8J4EpBP5-a9drJCJGhj0O0OuN75N;
1AceofSusCoin.png;2021;tarot;;;1n9mwIjbv0r98hhk0nsoE2kU1CY4wlSVk;
2TwoofSusCoin_edit.png;2021;tarot;;;1JetGwQzmYmF360OrWbzrv_hDa0mX1EoB;
3ThreeofSusCoin_edit.png;2021;tarot;;;10WRl1QmypDNtuBL1LODUXJIePr0TDi7Q;
4FourofSusCoin_edit.png;2021;tarot;;;1MRP4qRKpHUbwBEWXizvT2580H9u64wuH;
6SixofSusCoin.png;2021;tarot;;;1OOUQ_RHJL4ydaCncFAe9BvwCSGkWFsZF;
7SevenofSusCoin_edit.png;2021;tarot;;;1n3736JE6G0IH5FViuholfpBctyP3CDSA;
8EightofSusCoin_edit.png;2021;tarot;;;1gSipNG_9zzpwJqyDlyI3ATCpUbsAh3JU;
9NineofSusCoin.png;2021;tarot;;;1ldO81KQVruRq_KMPGG6QBnZ1PusDjZqd;
10TenofSusCoin.png;2021;tarot;;;1aPOm3KM61tG3ABM7mcKwr2aXD6IR3OhR;
11MaidenofSusCoin.png;2021;tarot;;;1I7_ltj1Rm0_ywFr584kAugDyHFRJlP_g;
12KnightofSusCoin_edit.png;2021;tarot;;;1uZmFhtbjVQdnaAxNVm94SoKZbf2jSXsz;
13QueenofSusCoin_edit.png;2021;tarot;;;1VGDHZJHYmHnUDB-MXb_bFYsa4-vQdwaB;
14KingOfSusCoin_edit.png;2021;tarot;;;1vK_-kpO4IkeFxp48KW4BhPTTfkjSi2qC;
1AceofUnicycles_edit.png;2021;tarot,electric_unicycle;;;1df0oG0UFvuOHXoRgrlkj7p_4wl3T5bos;
2TwoofUnicycles_edit.png;2021;tarot;;;1jg8Wv49tURDdZZskhl2MlC7obe8Y7rBT;
3ThreeofUnicycles.png;2021;tarot;;;139guI1_2xr4JunsM8QfdMOR-81lSazJW;
4FourofUnicycles.png;2021;tarot;;;1MzMROVKmhqCxSm9JHHzBxu0-fe1hweld;
5FiveofUnicycles.png;2021;tarot,electric_unicycle;;;1-Aw7aYnQHvKT1Wwe8TZ1RbU_XV0zwlAO;
6SixofUnicycles_edit.png;2021;tarot;;;1NuEue0P7bfJM27ojC9_3KwG1Bpo1DgvX;
7SevenofUnicycles.png;2021;tarot,electric_unicycle;;;1Ix-be67PRDiO8WuW6ixEHd57BYqydLty;
8EightofUnicycles.png;2021;tarot,electric_unicycle;;;1LhdsFcP0jt9P1fLQebcIVg0SaBbn-rzv;
9NineofUnicycles.png;2021;tarot;;;1iOWDaaKstOVjXwPS1nsWJ41VZ9IKkWCs;
10TenofUnicycles.png;2021;tarot;;;13ChQHSPmzZqOndd9KOh0qyoLx5kxKVhR;
11MaidenofUnicycles_edit.png;2021;tarot,electric_unicycle;;;1f2CGhfbgAtKe0HiZ8p8KQohlLVtAVXmg;
12KnightofUnicycles.png;2021;tarot,electric_unicycle;;;1yG7AHg6tOyz_Atdf80vWwhWxxUzFXnQG;
13QueenofUnicycles.png;2021;tarot;;;1FEYztgKHo0i2_xun-TiixQuiaWD5DOov;
14KingofUnicycles_edit.png;2021;tarot,electric_unicycle;;;17DUo4hKTS3wQ290oe2GEEONSmxT-yxbw;
vs-cam-20210327-102020-showcase-discord-544CF.mp4;2021;vanlife;1,3;;1oAsygu6EQXp-sUjQVLIpiuEfpEPqaHk7;AABbTYra_kWI3fBOfwG-q5tta
working-69B18.mp4;2021;garden;1,3;;1OwiGac-U1CAtqkf10OLlNJJA-9HSn0t_;AACxLIVC9R7mDRsqpjS_pavHa
2021_03_19_10226.JPG;2021;electric_unicycle,humans;;;1xvGUcL12vX_jC8M3FCQM8aikVeM4D7Yg;
2021_03_19_10250.JPG;2021;electric_unicycle,humans;;;1sqKCIqhFb4oAJsw7_Grlh1wTIwWPAySO;
2021_04_08_PILO_12431.JPG;2021;electric_unicycle;;;1DNhEDtlzmqbYTVv0as7POdyAAQvpUZeM;
2021_04_08_PILO_12451.JPG;2021;electric_unicycle;;;1npPT4TiBrtEsGi-zK3DLpvZBxcU7tlM5;
fernando_raph_unicycle.mp4;2021;electric_unicycle,desert;8,11;;1F5uotg9Lq6819RnN10eXo5QEUMZCA5gf;AADilg2XZaAPTiyhDjA5f8nAa
image0-15666.jpg;2021;electric_unicycle;;;1N-wEZN55JtJbwbxS6F073M2XdEhuNFzg;
kiril2021_88D6D8F5-DE49-4091-86AC-36C62BA8C7FE.jpg;2021;electric_unicycle;;;1N3b2Nyw5l8KZ8RJVkTOaob3hmvK0QnMF;
kiril2021_E542E7DA-7930-4D57-A261-BFF3D7C2F41A.jpg;2021;electric_unicycle;;;1dB_sEXeMLJcqhDgkpb0dU9W7AWxks-_0;
kiril2021_GOPR5769.MP4;2021;electric_unicycle;1,4;;1E4E41SSV8dIKdiA249GTyS2RAkKCjIJb;AABSY8dcCZWx_X7esBc9hk3Ja
kiril2021_IMG_2789.mp4;2021;electric_unicycle,desert;6,9;;1oobyXkN3twGVoK9dw2quHMczWNwCQOpe;AAAV_ynb948NgE60ytCVxS0Ua
kiril2021_IMG_3571.JPG;2021;electric_unicycle,off-grid;;;12peoJTLcftiFp_gy9xToAx_-kdr9Scd1;
kiril2021_IMG_3585.JPG;2021;electric_unicycle;;;1AHbf4ocEhlXUWPycbQaRZUXANk3w3Zrc;
kiril2021_IMG_3732.mp4;2021;electric_unicycle,installation;4,7;;1dCFS6V1A55PrOtA8PX_RgLF3OSZ5dNxP;AADi922nG0T9pWlT1BHGTqxNa
kiril2021_IMG_3827.mp4;2021;electric_unicycle,off-grid;4,8;;1SHb1gmZBIvcSZkR2hfkVn20oP3wYUjCV;AABWtkEllw4hBtDBcyVbqHZ1a
unicyclegroup.jpg;2021;electric_unicycle,off-grid;;;152R3vA94EsRnX2xZN1gNbls7W2Xm2cE9;
2021_03_06_06050.JPG;2021;vanlife;;;1F_rGtTahLqqX2LXZTG7tZyB6FnwrVujw;
2021_03_19_10172.JPG;2021;vanlife;;;1PCcjvtTTW8rm5tOb07tsx8AV1DF2FN7-;
2021_03_19_10217.JPG;2021;vanlife;;;104wTzFMkYmxbuHZsjAxbnWTI1GsCsy8G;
2021_03_19_10261.JPG;2021;vanlife,animals;;;1N89A5UT1X2rl-MnrdN-KfNbkTGZQobze;
2021_03_19_10279.JPG;2021;vanlife;;;1w7MFKIQYkhcTRtaCbPvFQwL2ld7Jbd7E;
image0-2B3CA.jpg;2021;vanlife,carpentry;;;1oMUYE_kmaoDEFspTRYPaI-LheLieLpmL;
image0-2C5D0.jpg;2021;vanlife;;;1Oi-GpqR089QBJpuFEsw_qjxc_6yHeB1v;
image0-5DD6F.jpg;2021;vanlife,carpentry;;;1NlO5D-GfbWFU1ewmnhYFQzyONjW7rExH;
image0-77AE7.jpg;2021;vanlife,carpentry;;;1sTdnWlqSMabQ8jxVEUOxEqO7Iq5WJVRq;
image0-66051.jpg;2021;vanlife,carpentry;;;1O1j8Q3EYmUO-LtP-h9MMCz-9mPI9Ex0-;
image1-8B876.jpg;2021;vanlife,cyberpunk;;;1VXffjmGhohNmTmwP4JJfaV2a8L7fGRxu;
kiril2021_IMG_2855.JPG;2021;vanlife;;;12e9ERn4pydHpsA_uQlgsbSoHvCKWk7C1;
Mars-2-55705.jpg;2021;vanlife,off-grid;;;1Ql4gu1dNYcKXnyUZyrpyFdJ-xBLHkQ_6;
Mars-8-48D04.jpg;2021;vanlife,off-grid;;;1sh3dkxkJi10a0iyCpHThYv_UghdMaRBS;
image0-6E876.jpg;2021;animals;;;1-ulvvpITeD69Ve4_3BzKI6YIPb4r0KxK;
image2-79FDC.jpg;2021;animals,electric_unicycle,humans;;;1TQxNId4O4Uc9Bz9DVf5W8iKKvwwM0ws_;
Mars-5-362EC.jpg;2021;animals;;;1yEDKuXJA6c9pCmeKRLPzmOy-SVB64YI-;
MOSHED-2021-2-26-22-18-47-78E05.mp4;2021;animals,extended_reality;0,3;;1d9HA2abevpYLCHcpeZfJdI17wZ7h2fKY;AADg4w1RB62kmXp71CV1Gcmna
PXL_20210123_220859528-479C6.jpg;2021;animals,solar,off-grid;;;1g6UoYqY-Tb7mfNKwTm-sKkIR6rsNOZYq;
video4-70B79.mp4;2021;animals;13,15;;19K7LRhJ4S-Wd-CVC9TyDA1NPhTGACefN;AABQbYg9rW4V8FPLwAr6FFmga
whiskey_v_machine.mp4;2021;animals;10,12;;1fzHyLApk-6jaIdd0bHjIlB-LGJFkkuIV;AAAp4gnm46N2j05yCOM97D-Ta
2021_03_06_06446.JPG;2021;workshop;;;149hgC0hJ3mwK6CxyQAMFxu3UmOPnrqZU;
image0-319CC.jpg;2021;workshop;;;1Ly69XO8FViCRZbbzXtYAcElDZYMS7421;
image0-E7383.jpg;2021;workshop,chiba;;;1myYlx1AJjHL2mlSdPDC9xoityvpvndpR;
image2-5F2AE.jpg;2021;workshop,chiba;;;1ky7AliMxKEiOMUhWiQi05rI2GC6W-1qk;
image3-05E19.jpg;2021;workshop,chiba;;;1maXCLB1sERlC2tlb9Iu1VjkMGcgfz-6-;
image4-9BD90.jpg;2021;workshop,chiba;;;12fLKmUHORXQrPiREUBXAGbRyyoL3rrKJ;
IMG_20210224_154409011-48C3D.jpg;2021;workshop,chiba;;;1JnHW_cZlGOJ2Mq__BSxw_jH2RFsIFUj4;
kiril2021_IMG_2746.JPG;2021;workshop;;;1VZ-UVMha_2YqhYqXiwDx6kQ3X4YC3FOg;
kiril2021_IMG_3156.JPG;2021;workshop;;;13KvLnFl0LapeuZKyEE3BNKCHw6MRIUL0;
kiril2021_joined_video_b4a2e8591b0f4243974c19d82de18709.mp4;2021;workshop;12,15;;13T1RuVpBid1CycgbC6Op6b_-ZxmXkPX_;AACuaiZdCltLtoup-M2HCNTea
image5-1F110.jpg;2021;yoga,fitness;;;1cL6_whaJAC6YtO9MqHbU36_94SfphW7h;
2021_03_19_10546.JPG;2021;humans;;;1S04s-VpqdfknOaUoJ3608qccJ3FYOUi5;
2021_05_06_PILO_14067.JPG;2021;sea;;;1srgVEYg_rOUIbSGXie0C5zAjUXJVy--h;
2021_05_06_PILO_14117.JPG;2021;sea;;1;1_TgWMJLcbzdyIYzQaLai3IFyNYbDOu-n;
image0-27BDB.jpg;2021;fitness;;;1GnygZdoSz74U-MXFVVgcU7sYxmroA9ZS;
Screen_Shot_2021-01-25_at_2.17.44_PM-BD0D5.png;2021;cyberpunk,workshop;;;1zNGkb7PGA9gHk3TDKOEDfxyShbkzwYC2;
kiril2021_IMG_3529.JPG;2021;sea;;;1MkJvRNlrN_oSDLtC298lCEQKzBwij1pU;
IMG_1435-BC2B0.jpg;2022;solar;;;;
PXL_20211230_004915738-A921B.jpg;2022;solar;;;;
PXL_20211230_004858669.MP-E65AE.jpg;2022;solar;;;;
PXL_20211230_200358602.MP-04AFD.jpg;2022;solar;;;;
PXL_20211230_004835124-74583.jpg;2022;solar;;;;
20220303_060654-B5957.jpg;2022;solar;;;;
PXL_20211230_004852936-2B548.jpg;2022;solar;;;;
PXL_20211230_191752879-7162A.jpg;2022;solar;;;;
IMG_4234-A0C45.jpg;2022;solar;;;;
20220129_132703-9D1D9.jpg;2022;paint;;;;
IMG_0149-CE23E.jpg;2022;paint;;;;
IMG_2808-216DE.jpg;2022;paint;;;;
IMG_1108-78EF9.jpg;2022;paint;;;;
IMG_5320-AA190.jpg;2022;paint;;;;
IMG_0447-5CFEE.jpg;2022;paint;;;;
IMG_0548.mp4;2022;paint;39,42;;;
IMG_2803-86D80.jpg;2022;chiba;;;;
DSC01190.jpg;2022;chiba;;;;
20220107_1721052-2C07D.jpg;2022;chiba;;;;
20220302_085004-D1B60.jpg;2022;chiba;;;;
PXL_20211231_003219474-17E7E.jpg;2022;chiba;;;;
IMG_4245-167EA.jpg;2022;chiba;;;;
IMG_9904-4B739.jpg;2022;chiba;;;;
IMG_0413-E4FAF.jpg;2022;chiba;;;;
20220303_060707-0AC5E.jpg;2022;chiba;;;;
PXL_20220223_194010538-633DC.jpg;2022;chiba;;;;
PXL_20220116_025716120.NIGHT-55447.jpg;2022;workshop,chiba;;;;
IMG_0320-A8A0C.mp4;2022;chiba;16,19;;;
PXL_20220116_020317372.NIGHT-DD72D.jpg;2022;workshop,chiba;;;;
DSC01162.jpg;2022;chiba;;;;
DSC01159.jpg;2022;chiba;;;;
IMG_0611-25839.jpg;2022;workshop;;;;
PXL_20220116_020352470.NIGHT-BD062.jpg;2022;workshop;;;;
IMG_0364-DFB0D.mp4;2022;3drendering,workshop;4,7;;;
20220308_180455-B78B2.jpg;2022;workshop;;;;
IMG_0363-ED62F.mp4;2022;workshop;3,6;;;
IMG_0776-DA763.jpg;2022;workshop,cyanotype;;;;
PXL_20220312_211821520-FC8CA.jpg;2022;workshop,cyanotype;;;;
IMG_2674.JPG;2022;workshop,physical_computing;;;;
IMG_0620-9564F.mp4;2022;workshop;31,34;;;
PXL_20220312_211847038-BD718.jpg;2022;workshop,cyanotype;;;;
IMG_1263-51410.jpg;2022;workshop;;;;
20220227_161024-873A1.jpg;2022;workshop;;;;
IMG_20220204_133750-677B9.jpg;2022;workshop;;;;
IMG_20220204_133744-423EF.jpg;2022;workshop;;;;
20220209_122038-7D038.jpg;2022;workshop;;;;
DSC00394.jpg;2022;workshop;;;;
IMG_1010-37D3A.jpg;2022;workshop,ceramic;;;;
IMG_0361-7B600.jpg;2022;workshop;;;;
Blender__C__Users_eddie_OneDrive_Desktop_e-6753C.mp4;2022;3drendering,workshop;11,14;;;
20220306_231740-A87E7.jpg;2022;workshop;;;;
IMG_8852-8B81A.jpg;2022;workshop;;;;
IMG_5441-07CEB.jpg;2022;workshop;;;;
IMG_2460-DA456.jpg;2022;workshop;;;;
IMG_2514-31E8C.jpg;2022;workshop;;;;
IMG_5699-AE000.jpg;2022;workshop;;;;
IMG_6226-126BE.jpg;2022;workshop;;;;
hugewall-0A1A5.mp4;2022;3drendering,workshop;7,10;;;
IMG_1158-B1F0E.jpg;2022;workshop;;;;
IMG_0517-A1DD1.jpg;2022;workshop;;;;
IMG_1437-A737C.jpg;2022;carpentry;;;;
IMG_2799-BD143.jpg;2022;carpentry;;;;
IMG_1434-5E94E.jpg;2022;carpentry;;;;
IMG_1361-BCF7C.jpg;2022;carpentry;;;;
IMG_0331.jpeg;2022;carpentry;;;;
05822622-81FE-4C3F-ACE8-BB7AB376FA2E_1_201-C9488.jpeg;2022;carpentry;;;;
PXL_20220324_1835371392-E6376.mp4;2022;carpentry;3,6;;;
PXL_20211230_205131227-7F2C7.jpg;2022;carpentry;;;;
9058A59A-D830-4242-A130-6B381FDA10FB_1_201-2900C.jpeg;2022;carpentry;;;;
IMG_2802-DC0A9.jpg;2022;carpentry;;;;
IMG_0328.jpeg;2022;carpentry;;;;
IMG_1436-C1135.jpg;2022;carpentry;;;;
IMG_0122-425D4.jpg;2022;carpentry;;;;
IMG_0233-0378A.jpg;2022;neocity;;;;
IMG_0212-1657A.mp4;2022;neocity;5,8;;;
2022_01_18_Mars-1072-5059F.jpg;2022;neocity;;;;
676A36C3-9FC2-4721-946B-00AE91961A98-983CB.jpg;2022;neocity;;;;
IMG_0230-D7BC7.jpg;2022;neocity;;;;
IMG_0225-4B693.jpg;2022;neocity;;;;
IMG_0357.mp4;2022;ceramic;22,25;;;
IMG_0046-5C7A7.jpg;2022;ceramic;;;;
IMG_0583.mp4;2022;ceramic;9,12;;;
IMG_0323-E20D4.jpg;2022;ceramic;;;;
IMG_2076-EE064.jpg;2022;ceramic;;;;
IMG_1409-3A8C5.jpg;2022;ceramic;;;;
IMG_1222-750D6.jpg;2022;ceramic;;;;
IMG_2116-ADAD0.jpg;2022;ceramic;;;;
IMG_1412-9D298.jpg;2022;ceramic;;;;
IMG_0322-8D47B.jpg;2022;ceramic;;;;
IMG_0321-E7167.jpg;2022;ceramic;;;;
IMG_0205-3F99A.jpg;2022;ceramic;;;;
20220128_124250-F9804.jpg;2022;ceramic;;;;
IMG_0313-54122.jpg;2022;ceramic;;;;
IMG_0345.jpeg;2022;ceramic;;;;
IMG_0344.jpeg;2022;ceramic;;;;
IMG_0347-0395C.jpg;2022;ceramic;;;;
IMG_0358.mp4;2022;ceramic;42,45;;;
20220128_133548-4E7B1.jpg;2022;ceramic;;;;
IMG_7147-65B7D.jpg;2022;electric_unicycle;;;;
IMG_2305-309A4.jpg;2022;electric_unicycle;;;;
0A24A743-E0BA-4072-A5C5-01F7579CAA32-9C66C.jpg;2022;electric_unicycle;;;;
DSCF7691-89AB8.jpg;2022;electric_unicycle;;;;
20220121-4--D31EB.jpg;2022;wind,electric_unicycle;;;;
CA97D080-DD48-4806-BCE9-537086654E0B_1_201-0296A.jpeg;2022;electric_unicycle;;;;
PXL_20220326_052230701.mp4;2022;electric_unicycle;0,2;;;
Snapchat-95694682.mp4;2022;electric_unicycle;29,32;;;
20220127_170810-2E03E.jpg;2022;wind,electric_unicycle;;;;
image0-3E516.jpg;2022;electric_unicycle;;;;
2022_01_18_Mars-1071-C41CA.jpg;2022;electric_unicycle;;;;
BEDF8A63-4438-4FD7-A701-FF4F06107D10_1_105-33F08.jpeg;2022;wedding;;;;
IMG_9283-81E1D.png;2022;wedding;;;;
Nautical 1080.mp4;2022;wedding;79,82;;;
20220109_1658352-853F2.jpg;2022;wedding,humans;;;;
20220109_1703312-21466.jpg;2022;wedding;;;;
20220109_170432-C67A3.jpg;2022;wedding;;;;
504A4350-6AC9-4CA7-96DB-2B484DC9FBF7-C49A5.jpg;2022;wedding;;;;
IMG_9564-BB21D.jpg;2022;wedding;;;;
2022_03_27_Mars-1214-958CA.jpg;2022;wedding;;;;
750878CD-6F5D-4BEE-BF05-F325069B31A1_1_105-F26CF.jpeg;2022;wedding;;;;
IMG_9294-90774.png;2022;wedding;;;;
20220109_170343-15345.jpg;2022;wedding;;;;
20220109_170402-C95ED.jpg;2022;wedding;;;;
41D1DA0E-2F6F-4EF9-A613-3C535A189002_1_105-EE346.jpeg;2022;wedding;;;;
IMG_1944-25BDA.mp4;2022;wedding;6,9;;;
IMG_1945-FA5EE.mp4;2022;wedding;2,5;;;
2022 03 27 Mars-1143.jpg;2022;wedding,installation;;;;
IMG_0045-65166.mp4;2022;wind,dance;11,14;;;
DSCF5221-7ED03.jpg;2022;wind,humans;;;;
DSCF5187-C65B1.jpg;2022;wind;;;;
20220121_162412-10337.jpg;2022;wind;;;;
IMG_1937-BE006.mp4;2022;wind,animals;8,11;;;
DSCF4230-BC08A.jpg;2022;wind;;;;
20220121_164541-EF1AA.jpg;2022;wind,desert;;;;
IMG_1935-C33D6.mp4;2022;wind;6,9;;;
signal-2022-03-05-14-42-50-519-EA393.mp4;2022;wind;0,2;;;
DSCF4623-5DB82.jpg;2022;wind;;;;
DSCF4632-AD572.jpg;2022;wind;;;;
IMG_8316-7B685.mp4;2022;wind;3,6;;;
DSCF5175-9E50F.jpg;2022;wind;;;;
IMG_2293-A89FF.mp4;2022;wind;41,44;;;
DSCF4399-EEB6E.jpg;2022;wind;;;;
20220121_164612-97758.jpg;2022;wind;;;;
IMG_5262-739B2.jpg;2022;wind;;;;
IMG_2769-2AF3E.mp4;2022;wind;4,7;;;
DSCF5394-1ECC2.jpg;2022;wind;;;;
20220121-3--547B7.jpg;2022;wind;;;;
IMG_3620-7CBAF.jpg;2022;wind;;;;
20220121_155007-D7AB8.jpg;2022;wind;;;;
DSCF4652-312E6.jpg;2022;wind;;;;
IMG_0495-855B7.jpg;2022;installation;;;;
IMG_0241-8F080.jpg;2022;installation;;;;
IMG_2791-E4B1D.jpg;2022;installation;;;;
IMG_1423-3F951.mp4;2022;installation;7,10;;;
IMG_2786-37A55.jpg;2022;installation;;;;
DSC00258.jpg;2022;sea,installation;;;;
IMG_9253-8AAEF.mp4;2022;installation;11,14;;;
IMG_0492-43DDF.jpg;2022;installation;;;;
IMG_8146.JPG;2022;installation;;;;
IMG_1421-495B2.jpg;2022;installation;;;;
IMG_0458-D6CA4.jpg;2022;installation;;;;
IMG_2039-4CF39.jpg;2022;installation;;;;
IMG_0186-05198.jpg;2022;installation;;;;
IMG_0456-D92EF.jpg;2022;installation;;;;
DSCF8906-2-BF93D.jpg;2022;installation;;;;
Burning%2520of%2520temple%2520sculpture%25-E3A53.jpg;2022;installation;;;;
IMG_2789-0EE8F.jpg;2022;installation;;;;
2022 03 27 Mars-1233.jpg;2022;installation;;;;
IMG_9029-72B7C.jpg;2022;installation;;;;
IMG_2671-A06BE.jpg;2022;installation;;;;
IMG_0290-4663B.jpg;2022;installation;;;;
IMG_1418-A97C6.mp4;2022;installation;12,15;;;
IMG_9020-52591.mp4;2022;installation;20,23;;;
IMG_8121.JPG;2022;installation;;;;
IMG_3119.JPG;2022;humans;;;;
2022_01_16_Mars-10-27301.jpg;2022;humans;;;;
IMG_3195-8BA14.JPG;2022;humans;;;;
IMG_1937.jpeg;2022;humans;;;;
IMG_2136.jpeg;2022;humans;;;;
IMG_3244-D345E.JPG;2022;humans;;;;
IMG_2319-39F6C.jpg;2022;humans;;;;
IMG_1604.jpeg;2022;humans;;;;
20220218-5--08E0C.jpg;2022;humans;;;;
PXL_20211231_152659555-89A4C.jpg;2022;humans;;;;
20220121_170406-2C854.jpg;2022;humans;;;;
A1CDCB1E-BAEF-4617-A945-94AE6CC46177_1_201-BAD51.jpeg;2022;humans;;;;
IMG_5455-6CA9A.jpg;2022;humans;;;;
IMG_9990-987EE.jpg;2022;humans;;;;
IMG_3221-0ED84.JPG;2022;humans;;;;
DSC00886.jpg;2022;humans;;;;
IMG_2117.jpeg;2022;humans;;;;
IMG_0569-12D25.mp4;2022;humans;44,47;;;
20220225_115843-142B4.jpg;2022;humans;;;;
IMG_2463.jpeg;2022;humans;;;;
IMG_3319-E8C04.JPG;2022;humans;;;;
PXL_20220225_191842650-2AE5F.jpg;2022;humans;;;;
IMG_1490-3C37A.jpg;2022;humans;;;;
PXL_20220325_174625596-63133.jpg;2022;humans;;;;
IMG_2512-0DB33.jpg;2022;humans;;;;
IMG_1737.jpeg;2022;humans;;;;
DSC01068.jpg;2022;humans;;;;
IMG_8826.JPG;2022;humans;;;;
IMG_4576-1FBD7.jpg;2022;humans;;;;
20220318_212810-FA83E.jpg;2022;humans;;;;
IMG_2518-E8B10.jpg;2022;humans;;;;
IMG_4585-2F131.jpg;2022;humans;;;;
IMG_0533-7B40C.jpg;2022;humans;;;;
278017235_10158462042502115_13752736224595-63D3D.jpg;2022;humans;;;;
IMG_20220328_084609_340-D594B.jpg;2022;humans;;;;
IMG_6052-B9C65.jpg;2022;humans;;;;
DSCF4800-B3ADA.jpg;2022;humans;;;;
IMG_2655-98045.jpg;2022;humans;;;;
IMG_0995-CE276.jpg;2022;humans;;;;
IMG_2388.jpeg;2022;humans;;;;
20220330_164241-5B99D.jpg;2022;humans;;;;
IMG_1106-E015D.jpg;2022;humans;;;;
20220301_161812-FF4AC.jpg;2022;humans;;;;
IMG_0437-89B2F.jpg;2022;humans;;;;
IMG_2509-103C7.jpg;2022;humans;;;;
IMG_1167-748BD.jpg;2022;humans;;;;
IMG20220218230147-DC0B4.jpg;2022;humans;;;;
IMG_1310-D3600.jpg;2022;humans;;;;
IMG_3259-EA7FA.JPG;2022;humans;;;;
IMG_6100-76A1C.jpg;2022;humans;;;;
IMG_1480-EA28D.jpg;2022;humans;;;;
IMG_2559-1D307.jpg;2022;humans;;;;
IMG_1786.jpeg;2022;humans;;;;
Screenshot_20220307-151851_Gallery-205E7.jpg;2022;humans;;;;
DSCF7337-E5E61.jpg;2022;humans;;;;
DSC00974-2.jpg;2022;humans;;;;
20220131_155230_capture1-5DA10.jpg;2022;humans;;;;
2022_03_27_Mars-1320-5547B.jpg;2022;humans;;;;
IMG_5346-A5C67.jpg;2022;humans;;;;
IMG_3308-C339A.JPG;2022;humans;;;;
IMG_1799-18593.jpg;2022;humans;;;;
IMG_2406.jpeg;2022;humans;;;;
28A5AAEA-5F10-4EF6-AEB4-BE2DB8AE1E9D_1_201-F8857.jpeg;2022;humans;;;;
PXL_20211230_205642038-CA309.jpg;2022;humans;;;;
20220301_161214-BCAE9.jpg;2022;humans;;;;
IMG_2513-54FBF.jpg;2022;humans;;;;
IMG_3254-2B6E3.JPG;2022;humans;;;;
IMG_0180-CF68E.jpg;2022;humans;;;;
IMG_0246-3763C.jpg;2022;humans;;;;
IMG_0497-6F7ED.jpg;2022;humans;;;;
AA212D3C-80C9-4431-938D-801A2593CBA8_1_201-2C9C3.jpeg;2022;humans;;;;
20220330_190419-508B7.jpg;2022;humans;;;;
IMG_2554-5A61E.jpg;2022;humans;;;;
IMG_0368-A5108.jpg;2022;humans;;;;
IMG_6214-9E6FA.jpg;2022;humans;;;;
IMG_9833-E63EF.jpg;2022;humans;;;;
IMG_6173-B5318.jpg;2022;humans;;;;
20220319_000623-9E45F.jpg;2022;humans;;;;
DSCF7750-F2689.jpg;2022;humans;;;;
IMG_9834-75F5E.jpg;2022;humans;;;;
IMG_4487-28B47.jpg;2022;humans;;;;
20220301_162211_capture0-501DF.jpg;2022;humans;;;;
20220320_070759-EDEAD.jpg;2022;humans;;;;
DSCF5057-55E7C.jpg;2022;humans;;;;
IMG_2510-0C7B6.jpg;2022;humans;;;;
IMG_5370-4559E.jpg;2022;humans;;;;
IMG_2456.jpeg;2022;humans;;;;
20220327_212057-803E4.jpg;2022;humans;;;;
IMG_0243-352F6.jpg;2022;humans;;;;
IMG_3269-B1E71.JPG;2022;humans;;;;
IMG_2338.jpeg;2022;humans;;;;
3F11DF39-9577-4315-B664-B49ABEF36483_1_201-DF21B.jpeg;2022;humans;;;;
image0.JPG;2022;humans;;;;
unknown-8E8A2.png;2022;humans;;;;
IMG_0230-26013.jpg;2022;humans;;;;
IMG_0917-4666F.jpg;2022;humans;;;;
IMG_0966-C2B1A.jpg;2022;humans;;;;
IMG_3048.JPG;2022;humans;;;;
IMG_0120-45F7F.jpg;2022;humans;;;;
DSC00318.jpg;2022;humans;;;;
2022-01-02-marzipan-B43D5.jpeg;2022;pallet_racks;;;;
PXL_20211231_002913169-DA4EC.jpg;2022;pallet_racks;;;;
PXL_20220324_184531872-4E039.jpg;2022;pallet_racks;;;;
IMG_2807-1873E.jpg;2022;pallet_racks;;;;
IMG_0311.jpeg;2022;pallet_racks;;;;
PXL_20211230_005951740.PANO-498C0.jpg;2022;pallet_racks;;;;
PXL_20211223_193257195-0ABEC.jpg;2022;pallet_racks;;;;
PXL_20211230_205759757-62DB1.jpg;2022;pallet_racks;;;;
IMG_1350-9C0A5.jpg;2022;pallet_racks;;;;
IMG_0320.jpeg;2022;pallet_racks;;;;
IMG_0406-166A0.jpg;2022;pallet_racks;;;;
IMG_0321.jpeg;2022;pallet_racks;;;;
IMG_0331-EB043.jpeg;2022;pallet_racks;;;;
PXL_20211227_215024297-6B006.jpg;2022;pallet_racks;;;;
IMG_4582-181FB.jpg;2022;pallet_racks;;;;
PXL_20220324_184457221-2664F.jpg;2022;pallet_racks;;;;
PXL_20211230_010033266.PANO-BF68C.jpg;2022;pallet_racks;;;;
IMG_0312.jpeg;2022;pallet_racks;;;;
IMG_0318-C363B.jpg;2022;pallet_racks;;;;
IMG_2801-0502F.jpg;2022;pallet_racks;;;;
DJI_0861-CBA25.JPG;2022;drone;;;;
1219_pan-42886.mp4;2022;drone;17,20;;;
Group-D5A92.mp4;2022;drone;0,1;;;
Group2-24091.mp4;2022;drone;4,7;;;
15_pan-ABA20.mp4;2022;drone;61,64;;;
DJI_0829.JPG;2022;drone;;;;
DJI_0866-D5F28.JPG;2022;drone;;;;
DJI_0806-D7C7F.mp4;2022;drone;20,23;;;
DJI_0798-32826.JPG;2022;drone;;;;
Cahuilla, the house of Water_.png;2022;ai;;;;
Chatsubo, the house of Fire.png;2022;ai;;;;
unknown-9D2DF.png;2022;ai;;;;
2022-03-13_15_07_32-Abraham-BBBC9.png;2022;ai;;;;
Ba Sing Se, the house of Earth_.png;2022;ai;;;;
unknown-9417A.png;2022;ai;;;;
Huaqiangbei1.png;2022;ai;;;;
IMG_2081-B7A0F.jpg;2022;vanlife;;;;
20211117_101433-AB5E4.jpg;2022;vanlife;;;;
IMG_0417-8572C.jpg;2022;vanlife;;;;
IMG_5587-9EE50.jpg;2022;vanlife;;;;
EDE45C6D-A66F-4B98-B92F-ADA32E6620C1-21DA3.jpg;2022;animals;;;;
20220203_192009-BFAE3.mp4;2022;animals;5,8;;;
IMG_0356.mp4;2022;animals;22,25;;;
IMG_1689-5EF85.jpg;2022;animals;;;;
IMG_4036-6C202.mp4;2022;animals;6,9;;;
IMG_1008-B1E1B.jpg;2022;animals;;;;
photo_2022-03-08_07-26-28-DC8CE.jpg;2022;animals;;;;
IMG_1647-BA55F.jpg;2022;animals;;;;
IMG_0282-03934.jpg;2022;animals;;;;
IMG_3980-8D777.jpg;2022;animals;;;;
IMG_1774-E046B.jpg;2022;animals;;;;
C9025542-750F-41CA-A7A2-3EA0463141A4_1_201-E33F2.jpeg;2022;animals;;;;
578f5290-851a-4c79-831a-faf2e218ab73-104A1.jpg;2022;animals;;;;
46875017-3D48-466B-8BF1-1E2EE98C2AD8-34C96.jpg;2022;animals;;;;
20220221_185751_capture0-ECF45.jpg;2022;animals;;;;
IMG_2029-35235.jpg;2022;animals;;;;
IMG_0247-713F4.jpg;2022;animals;;;;
IMG_1952.jpg;2022;animals;;;;
IMG_1511-C4CAF.jpg;2022;animals;;;;
IMG_1748-DD472.jpg;2022;animals;;;;
IMG_0303-047CA.jpg;2022;animals;;;;
50AF0EE8-E659-41CA-B30B-0D4F5FE6A4B7-DB27A.jpg;2022;animals;;;;
IMG_7950-4EA2F.JPG;2022;animals;;;;
20220226_130658-51208.jpg;2022;animals;;;;
IMG_0894-18560.mp4;2022;animals;3,6;;;
IMG_2892-82059.jpg;2022;animals;;;;
20220301_151259-3047D.jpg;2022;float;;;;
DSCF7571-2AD91.jpg;2022;float;;;;
DSCF7846-0D694.jpg;2022;float;;;;
PXL_20220318_004025033-3B023.mp4;2022;float;4,7;;;
IMG_2521-BDAED.jpg;2022;float;;;;
DSCF7835-F1D3B.jpg;2022;float;;;;
DSCF7231-2-254E5.jpg;2022;float;;;;
DSCF7228-E8A79.jpg;2022;float;;;;
DSCF7881-9C792.jpg;2022;float;;;;
DSCF7840-DB475.jpg;2022;float;;;;
20220301_154218-FA47E.jpg;2022;float;;;;
DSCF7308-FA393.jpg;2022;float;;;;
20220301_153732-F3BFB.jpg;2022;float;;;;
DSCF7410-EA3AE.jpg;2022;float;;;;
DSCF7634-2-DEDA5.jpg;2022;float;;;;
DSCF7156-8A264.jpg;2022;float;;;;
IMG_0522-6C9E6.mp4;2022;float;5,8;;;
DSCF7083-FC90D.jpg;2022;float;;;;
DSCF7509-AA129.jpg;2022;float;;;;
DSCF7165-60F5C.jpg;2022;float;;;;
DSCF7398-A9D66.jpg;2022;float;;;;
IMG_1027-E4E5F.mp4;2022;float;2,5;;;
PXL_20220318_003938018-0F437.mp4;2022;float;2,5;;;
IMG_9594-32F8F.jpg;2022;tarot;;;;
IMG_9591-97E50.jpg;2022;tarot;;;;
IMG_9588-CAD09.jpg;2022;tarot;;;;
IMG_9587-9788E.jpg;2022;tarot;;;;
IMG_9589-BA7C6.jpg;2022;tarot;;;;
IMG_0534-9ACE4.jpg;2022;food;;;;
IMG_1089-15C58.jpg;2022;food;;;;
20220202_191533-08DFC.jpg;2022;food;;;;
IMG_1021-96CB9.jpg;2022;food;;;;
2022_01_16_Mars-35-EF0CF.jpg;2022;food;;;;
IMG_1034-BDCEA.jpg;2022;food;;;;
2022_01_16_Mars-25-9C96E.jpg;2022;food;;;;
IMG_1142-18C24.mp4;2022;food;9,12;;;
IMG_0930-B7527.mp4;2022;food;4,7;;;
IMG_1154-C0E8C.jpg;2022;food;;;;
IMG_1474.mp4;2022;dance;3,6;;;
IMG_E3669.JPG;2022;dance,3drendering;;;;
DVDZ8268.MP4;2022;dance;15,18;;;
IMG_8153.mp4;2022;dance,performance;0,1;;;
DSC00789.jpg;2022;dance;;;;
IMG_6177-2C231.mp4;2022;dance;8,11;;;
20220121_200724-FB91B.mp4;2022;dance;3,6;;;
IMG_1266-B8BAA.mp4;2022;dance;10,13;;;
278001546_10158462041887115_38893660668885-5C389.jpg;2022;dance;;;;
HQMQE5695.mp4;2022;dance,3drendering;20,23;;;
IMG_4053.JPG;2022;dance;;;;
IMG_1701.jpg;2022;dance;;;;
PXL_20220325_170359470-8AE04.jpg;2022;fitness;;;;
IMG_1708.jpg;2022;fire_spinning;;;;
DSCF5071-548FA.jpg;2022;fire_spinning;;;;
IMG_2064-374B6.jpg;2022;fire_spinning;;;;
IMG_0455-5716E.mp4;2022;fire_spinning;30,33;;;
IMG_0738-18FA7.jpg;2022;fire_spinning,performance;;;;
VID_20220118_171817-7185B.mp4;2022;fire_spinning;8,11;;;
IMG_2027-F4040.mp4;2022;fire_spinning;8,11;;;
IMG_0421-C5A17.mp4;2022;fire_spinning;21,24;;;
DSCF5032-CB2EC.jpg;2022;fire_spinning;;;;
IMG_4247-2725F.mp4;2022;fire_spinning;4,7;;;
IMG_0735-E431A.jpg;2022;fire_spinning;;;;
IMG_9036-983BB.jpg;2022;cyberpunk;;;;
PFRJE3823.JPG;2022;cyberpunk;;;;
DYTXE9934.JPG;2022;cyberpunk;;;;
20220219_202110-CC967.jpg;2022;cyberpunk;;;;
C64EC9B0-A992-4825-BEB8-EDFBB4DA56CD-2CB6E.jpg;2022;cyberpunk;;;;
image0-544C7.jpg;2022;cyberpunk;;;;
IMG_2793-4F2E8.jpg;2022;cyberpunk;;;;
IMG_3308.PNG;2022;cyberpunk;;;;
20220201_214558-D6F21.jpg;2022;cyberpunk;;;;
20220128_180425-13CFF.jpg;2022;cyberpunk;;;;
IMG_3392.JPG;2022;cyberpunk;;;;
20220218-11--56090.jpg;2022;cyberpunk;;;;
IMG_5763-6FF2E.jpg;2022;cyberpunk;;;;
IMG_9045-8F606.jpg;2022;cyberpunk;;;;
20220218-7--60947.jpg;2022;cyberpunk;;;;
IMG_9040-63A52.mp4;2022;cyberpunk;15,18;;;
IMG_2520-C53EF.jpg;2022;cyberpunk;;;;
JXALE8036.JPG;2022;cyberpunk;;;;
KVZFE7564.JPG;2022;cyberpunk;;;;
MMNF6019.JPG;2022;cyberpunk;;;;
IMG_3402.JPG;2022;cyberpunk;;;;
5FECFD43-A762-4211-8BC2-78B16AE8EBF1-42D32.jpg;2022;cyberpunk;;;;
20220130_010536-7D980.jpg;2022;cyberpunk;;;;
20220201_215359-9196D.jpg;2022;cyberpunk;;;;
DJEV0452.JPG;2022;cyberpunk;;;;
TPLME5639.JPG;2022;cyberpunk;;;;
IMG_2664-6C87B.jpg;2022;cyberpunk;;;;
0844A03A-2339-462A-A24A-27BE2987F418-8AE8B.jpg;2022;cyberpunk;;;;
video0-CF87B.mp4;2022;cyberpunk;0,3;;;
20220218-9--1C9CC.jpg;2022;cyberpunk;;;;
20220218-13--963B0.jpg;2022;cyberpunk;;;;
IMG_3188.JPG;2022;cyberpunk;;;;
IMG_1123-4D34B.jpg;2022;cyberpunk;;;;
TJVQ8455.JPG;2022;cyberpunk;;;;
IMG_9955-7E7A1.jpg;2022;cyberpunk;;;;
image0-C5EB7.png;2022;cyberpunk;;;;
KXSCE8059.JPG;2022;cyberpunk;;;;
RJBD7378.JPG;2022;cyberpunk;;;;
IMG_9046-E1314.jpg;2022;cyberpunk;;;;
278002041_10158462042382115_34408033297254-9994D.jpg;2022;cyberpunk,performance;;;;
20220218-12--D3BBA.jpg;2022;cyberpunk;;;;
DSC00668.jpg;2022;cyberpunk;;;;
2020-01-02-seva-and-boston-12928.jpeg;2022;desert;;;;
VID_20020506_220756_536-D0273.mp4;2022;desert;8,11;;;
DSC00960-2.jpg;2022;desert,performance;;;;
IMG_4391-6E9E9.jpg;2022;desert;;;;
DSC00565.jpg;2022;desert;;;;
20211221_160445-4FFB1.jpg;2022;desert;;;;
2020-01-02-sunset-dance-DEFF8.jpeg;2022;desert;;;;
IMG_2523-D40CA.jpg;2022;desert;;;;
C2F77042-89A4-447B-99E1-AE4181297B8E-AA52F.jpg;2022;desert;;;;
IMG_2415-12CB2.jpg;2022;desert;;;;
20220215_170351-11F4A.jpg;2022;desert;;;;
20220126_171445-5172C.jpg;2022;desert;;;;
IMG_9011-E0FF6.jpg;2022;desert;;;;
IMG_0812-8DB7B.mp4;2022;performance;4,7;;;
20220218-14--F2595.jpg;2022;performance;;;;
IMG_3287.JPG;2022;performance;;;;
RHUUE0994.mp4;2022;performance;56,59;;;
IMG_2069.jpeg;2022;performance;;;;
DSC00840.jpg;2022;performance;;;;
IMG_2662-7FF4D.mp4;2022;performance;13,16;;;
IMG_2043-2F1ED.mp4;2022;performance;4,7;;;
IMG_0194-1988A.mp4;2022;performance;8,11;;;
IMG_4328.JPG;2022;performance;;;;
video0-441E3.mp4;2022;performance;6,9;;;
IMG_0430-F5829.jpg;2022;performance;;;;
20220218_230718-34E4C.jpg;2022;performance;;;;
IMG_9033-61211.jpg;2022;performance;;;;
RQEU1267.JPG;2022;performance;;;;
IMG_0443-38056.mp4;2022;performance;13,16;;;
IMG_5391-F950A.jpg;2022;performance;;;;
IMG_2104.mp4;2022;performance;10,13;;;
IMG_2099.mp4;2022;performance;4,7;;;
20220218_203411-BED9A.jpg;2022;performance;;;;
PXL_20220320_055302752.TS.mp4;2022;performance;11,14;;;
IMG_4342.JPG;2022;performance;;;;
20220218_203231-A2466.mp4;2022;performance;2,5;;;
DSCF4732-05C01.jpg;2022;performance;;;;
IMG_2319-C7CCD.jpg;2022;performance;;;;
IMG_8149.mp4;2022;performance;6,9;;;
IMG_0894-2F684.jpg;2022;performance;;;;
278008640_10158462042557115_66850099800909-34CE6.jpg;2022;performance;;;;
IMG_1702.jpeg;2022;performance;;;;
IMG_2102.jpeg;2022;performance;;;;
IMG_4906.PNG;2022;performance;;;;
trim.7F3A0FAC-E245-480A-9E4F-C02B1B91B94A-5D679.mp4;2022;performance;2,5;;;
IMG_0190-DD2CB.jpg;2022;performance;;;;
IMG_0180-70BA2.mp4;2022;performance;3,6;;;
IMG_0744-D5AFD.jpg;2022;performance;;;;
VTDX2761.MP4;2022;performance;33,36;;;
IMG_9027-34843.mp4;2022;performance;6,9;;;
278010565_10158462042417115_24711536946394-43934.jpg;2022;performance;;;;
IMG_0949-CD7C6.jpg;2022;compost;;;;
IMG_0354.jpeg;2022;compost;;;;
20220109_172011-32B63.jpg;2022;sea;;;;
DSC00168.jpg;2022;sea;;;;
20220311_153509-897DB.jpg;2022;appa;;;;